afc_id	class	pathway	superclass
AFC001833	Amino acids and Peptides
AFC001834	Simple phenolic acids	Shikimates and Phenylpropanoids	Phenolic acids (C6-C1)
AFC001835	Gibberellins	Terpenoids	Diterpenoids
AFC001836	Simple indole alkaloids	Alkaloids	Tryptophan alkaloids
AFC001837	Simple phenolic acids	Shikimates and Phenylpropanoids	Phenolic acids (C6-C1)
AFC001838	Simple phenolic acids	Shikimates and Phenylpropanoids	Phenolic acids (C6-C1)
AFC001839	Piperidine alkaloids	Alkaloids	Lysine alkaloids
AFC001840	Amino fatty acids;Aminoacids	Amino acids and Peptides;Fatty acids	Fatty Acids and Conjugates;Small peptides
AFC001841	Aminoacids	Amino acids and Peptides	Small peptides
AFC001842
AFC001843	Simple amide alkaloids	Alkaloids	Peptide alkaloids
AFC001844	Pyridine alkaloids	Alkaloids	Nicotinic acid alkaloids
AFC001845	Alkaloids
AFC001846	Aminoacids	Amino acids and Peptides	Small peptides
AFC001847	Alkaloids
AFC001849	Shikimic acids and derivatives	Shikimates and Phenylpropanoids	Phenolic acids (C6-C1)
AFC001850	Simple indole alkaloids	Alkaloids	Tryptophan alkaloids
AFC001851	Aminoacids	Amino acids and Peptides	Small peptides
AFC001852	Aminoacids	Amino acids and Peptides	Small peptides
AFC001853	Cinnamic acids and derivatives;Simple phenolic acids	Shikimates and Phenylpropanoids	Phenolic acids (C6-C1);Phenylpropanoids (C6-C3)
AFC001854	Imidazole alkaloids	Alkaloids	Histidine alkaloids
AFC001855	Simple coumarins	Shikimates and Phenylpropanoids	Coumarins
AFC001856	Simple indole alkaloids	Alkaloids	Tryptophan alkaloids
AFC001858	Cinnamic acids and derivatives	Shikimates and Phenylpropanoids	Phenylpropanoids (C6-C3)
AFC001859	Purine alkaloids	Alkaloids	Pseudoalkaloids
AFC001861	Dipeptides	Amino acids and Peptides	Small peptides
AFC001862	Simple indole alkaloids	Alkaloids	Tryptophan alkaloids
AFC001863	Cinnamic acids and derivatives	Shikimates and Phenylpropanoids	Phenylpropanoids (C6-C3)
AFC001864	Purine alkaloids	Alkaloids	Pseudoalkaloids
AFC001865	Aminoacids	Amino acids and Peptides	Small peptides
AFC001866	Shikimic acids and derivatives;Simple phenolic acids	Shikimates and Phenylpropanoids	Phenolic acids (C6-C1)
AFC001867	Pyridine alkaloids	Alkaloids	Nicotinic acid alkaloids
AFC001868	Aminoacids	Amino acids and Peptides	Small peptides
AFC001869	Dipeptides	Amino acids and Peptides	Small peptides
AFC001871	Simple indole alkaloids	Alkaloids	Tryptophan alkaloids
AFC001872	Simple coumarins	Shikimates and Phenylpropanoids	Coumarins
AFC001874	Acridone alkaloids	Alkaloids	Anthranilic acid alkaloids
AFC001875	Lactones	Fatty acids	Fatty esters
AFC001876	Alkaloids	Anthranilic acid alkaloids
AFC001877	Simple indole alkaloids	Alkaloids	Tryptophan alkaloids
AFC001879	Simple phenolic acids	Shikimates and Phenylpropanoids	Phenolic acids (C6-C1)
AFC001880	Lactones	Fatty acids	Fatty esters
AFC001881	Simple indole alkaloids	Alkaloids	Tryptophan alkaloids
AFC001882	Aminoacids	Amino acids and Peptides	Small peptides
AFC001883	Purine alkaloids	Alkaloids	Pseudoalkaloids
AFC001884	Flavones	Shikimates and Phenylpropanoids	Flavonoids
AFC001885	Flavones	Shikimates and Phenylpropanoids	Flavonoids
AFC001886	Flavanones	Shikimates and Phenylpropanoids	Flavonoids
AFC001887	Pyrimidine nucleos(t)ides	Carbohydrates	Nucleosides
AFC001889	Aminoacids	Amino acids and Peptides	Small peptides
AFC001890	Chalcones	Shikimates and Phenylpropanoids	Flavonoids
AFC001891	Hydrocarbons	Fatty acids	Fatty acyls
AFC001892	Unsaturated fatty acids	Fatty acids	Fatty Acids and Conjugates
AFC001893	Purine nucleos(t)ides	Carbohydrates	Nucleosides
AFC001894	Flavan-3-ols	Shikimates and Phenylpropanoids	Flavonoids
AFC001896	Other Octadecanoids	Fatty acids	Octadecanoids
AFC001897	Flavones	Shikimates and Phenylpropanoids	Flavonoids
AFC001898	Purine nucleos(t)ides	Carbohydrates	Nucleosides
AFC001899	Abietane diterpenoids	Terpenoids	Diterpenoids
AFC001900	Monoacylglycerols	Fatty acids	Glycerolipids
AFC001902	Pyridine alkaloids	Alkaloids	Nicotinic acid alkaloids
AFC001903	Cinnamic acids and derivatives	Shikimates and Phenylpropanoids	Phenylpropanoids (C6-C3)
AFC001904	Flavanones	Shikimates and Phenylpropanoids	Flavonoids
AFC001905	Disaccharides;Polysaccharides	Carbohydrates	Saccharides
AFC001906	Simple coumarins	Shikimates and Phenylpropanoids	Coumarins
AFC001907	Megastigmanes	Terpenoids	Apocarotenoids
AFC001908	Iridoids monoterpenoids	Terpenoids	Monoterpenoids
AFC001910	Purine nucleos(t)ides	Carbohydrates	Nucleosides
AFC001911	Flavones	Shikimates and Phenylpropanoids	Flavonoids
AFC001912	Flavanones	Shikimates and Phenylpropanoids	Flavonoids
AFC001915	Flavones	Shikimates and Phenylpropanoids	Flavonoids
AFC001916	Flavones	Shikimates and Phenylpropanoids	Flavonoids
AFC001917	Flavanones	Shikimates and Phenylpropanoids	Flavonoids
AFC001922	Flavanones	Shikimates and Phenylpropanoids	Flavonoids
AFC001923	Flavonols	Shikimates and Phenylpropanoids	Flavonoids
AFC001927	Polyamines	Alkaloids	Ornithine alkaloids
AFC001928	Aminosugars	Carbohydrates	Aminosugars and aminoglycosides
AFC001929	Flavones	Shikimates and Phenylpropanoids	Flavonoids
AFC001930	Flavones	Shikimates and Phenylpropanoids	Flavonoids
AFC001932	Flavones	Shikimates and Phenylpropanoids	Flavonoids
AFC001934	Flavonols	Shikimates and Phenylpropanoids	Flavonoids
AFC001935	Pregnane steroids	Terpenoids	Steroids
AFC001936	Flavanones	Shikimates and Phenylpropanoids	Flavonoids
AFC000002	Hydroxy fatty acids	Fatty acids	Fatty Acids and Conjugates
AFC000004	Hydroxy fatty acids	Fatty acids	Fatty Acids and Conjugates
AFC000005	Branched fatty acids	Fatty acids	Fatty Acids and Conjugates
AFC000006	Branched fatty acids	Fatty acids	Fatty Acids and Conjugates
AFC000007	Dicarboxylic acids	Fatty acids	Fatty Acids and Conjugates
AFC000008
AFC000009	Branched fatty acids;Oxo fatty acids	Fatty acids	Fatty Acids and Conjugates
AFC000012	Pyridine alkaloids	Alkaloids	Nicotinic acid alkaloids
AFC000013	Oxo fatty acids	Fatty acids	Fatty Acids and Conjugates
AFC000014	Fatty acyl CoAs	Fatty acids	Fatty esters
AFC000015	Aminoacids;Dipeptides	Amino acids and Peptides	Small peptides
AFC000016	Amino fatty acids;Aminoacids	Amino acids and Peptides;Fatty acids	Small peptides;Fatty Acids and Conjugates
AFC000017	Polyamines	Alkaloids	Ornithine alkaloids
AFC000019	Simple phenolic acids	Shikimates and Phenylpropanoids	Phenolic acids (C6-C1)
AFC000020	Amino fatty acids;Aminoacids	Amino acids and Peptides;Fatty acids	Small peptides;Fatty Acids and Conjugates
AFC000024	Oxygenated hydrocarbons	Fatty acids	Fatty acyls
AFC000026	Purine alkaloids	Alkaloids	Pseudoalkaloids (transamidation)
AFC000027	Purine alkaloids	Alkaloids	Pseudoalkaloids (transamidation)
AFC000028	Aminoacids	Amino acids and Peptides	Small peptides
AFC000029	Monosaccharides	Carbohydrates	Saccharides
AFC000030	Alkaloids	Nicotinic acid alkaloids
AFC000031
AFC000034	Aminoacids	Amino acids and Peptides	Small peptides
AFC000036	Aminoacids	Amino acids and Peptides	Small peptides
AFC000037	Aminoacids	Amino acids and Peptides	Small peptides
AFC000038	Aminoacids	Amino acids and Peptides	Small peptides
AFC000039	Simple phenolic acids	Shikimates and Phenylpropanoids	Phenolic acids (C6-C1)
AFC000040	Chalcones	Shikimates and Phenylpropanoids	Flavonoids
AFC000041	Simple phenolic acids	Shikimates and Phenylpropanoids	Phenolic acids (C6-C1)
AFC000047	Acetate-derived alkaloids;Polyamines	Alkaloids	Ornithine alkaloids;Pseudoalkaloids (transamidation)
AFC000049	Aminoacids	Amino acids and Peptides	Small peptides
AFC000054	Shikimates and Phenylpropanoids
AFC000056	Hydroxy fatty acids	Fatty acids	Fatty Acids and Conjugates
AFC000058	Alkaloids
AFC000059	Simple coumarins	Shikimates and Phenylpropanoids	Coumarins
AFC000060	Gallotannins;Simple phenolic acids	Shikimates and Phenylpropanoids	Phenolic acids (C6-C1)
AFC000061	Branched fatty acids;Unsaturated fatty acids	Fatty acids	Fatty Acids and Conjugates
AFC000062	Aminoacids	Amino acids and Peptides	Small peptides
AFC000063	Simple indole alkaloids	Alkaloids	Tryptophan alkaloids
AFC000065	Thia fatty acids	Fatty acids	Fatty Acids and Conjugates
AFC000067	Fatty aldehydes	Fatty acids	Fatty acyls
AFC000069	Aminoacids	Amino acids and Peptides	Small peptides
AFC000070	Oxo fatty acids	Fatty acids	Fatty Acids and Conjugates
AFC000071	Polyamines	Alkaloids	Ornithine alkaloids
AFC000072	Aminoacids	Amino acids and Peptides	Small peptides
AFC000073	Polyamines	Alkaloids	Ornithine alkaloids
AFC000074	Dicarboxylic acids;Hydroxy fatty acids	Fatty acids	Fatty Acids and Conjugates
AFC000076
AFC000077	Aminoacids	Amino acids and Peptides	Small peptides
AFC000078
AFC000079	Aminoacids	Amino acids and Peptides	Small peptides
AFC000080	Pyridine alkaloids	Alkaloids	Nicotinic acid alkaloids
AFC000081	Aminoacids	Amino acids and Peptides	Small peptides
AFC000082	Aminoacids	Amino acids and Peptides	Small peptides
AFC000083	Amino fatty acids;Aminoacids	Amino acids and Peptides;Fatty acids	Fatty Acids and Conjugates;Small peptides
AFC000084	Imidazole alkaloids	Alkaloids	Histidine alkaloids
AFC000085
AFC000086	Alkaloids
AFC000087	Oxygenated hydrocarbons	Fatty acids	Fatty acyls
AFC000088	Fatty acids
AFC000089	Primary amides	Fatty acids	Fatty amides
AFC000090	Monosaccharides	Carbohydrates	Saccharides
AFC000091	Polyketides
AFC000092	Phenylethylamines	Alkaloids	Tyrosine alkaloids
AFC000098	Monosaccharides	Carbohydrates;Fatty acids	Saccharides
AFC000104	Imidazole alkaloids	Alkaloids	Histidine alkaloids
AFC000105	Pyridine alkaloids	Alkaloids	Nicotinic acid alkaloids
AFC000106	Simple phenolic acids	Shikimates and Phenylpropanoids	Phenolic acids (C6-C1)
AFC000109	Imidazole alkaloids	Alkaloids	Histidine alkaloids
AFC000110	Amino fatty acids;Aminoacids	Amino acids and Peptides;Fatty acids	Fatty Acids and Conjugates;Small peptides
AFC000111	Imidazole alkaloids	Alkaloids	Histidine alkaloids
AFC000112	Dicarboxylic acids	Fatty acids	Fatty Acids and Conjugates
AFC000113	Simple indole alkaloids	Alkaloids	Tryptophan alkaloids
AFC000114	Simple indole alkaloids	Alkaloids	Tryptophan alkaloids
AFC000115	Simple indole alkaloids	Alkaloids	Tryptophan alkaloids
AFC000116	Simple indole alkaloids	Alkaloids	Tryptophan alkaloids
AFC000117	Aminoacids	Amino acids and Peptides	Small peptides
AFC000118	Amino fatty acids;Aminoacids	Amino acids and Peptides;Fatty acids	Small peptides;Fatty Acids and Conjugates
AFC000119	Primary amides	Fatty acids	Fatty amides
AFC000120	Aminoacids	Amino acids and Peptides	Small peptides
AFC000121	Oxo fatty acids	Fatty acids	Fatty Acids and Conjugates
AFC000122	Hydroxy fatty acids	Fatty acids	Fatty Acids and Conjugates
AFC000123	Aminoacids	Amino acids and Peptides	Small peptides
AFC000128	Cyclitols	Carbohydrates	Polyols
AFC000129	Polyamines	Alkaloids	Ornithine alkaloids
AFC000131	Flavanones	Shikimates and Phenylpropanoids	Flavonoids
AFC000132	Pyridine alkaloids	Alkaloids	Nicotinic acid alkaloids
AFC000133	Pyridine alkaloids	Alkaloids	Nicotinic acid alkaloids
AFC000134	Pyridine alkaloids	Alkaloids	Nicotinic acid alkaloids
AFC000139
AFC000141	Simple phenolic acids	Shikimates and Phenylpropanoids	Phenolic acids (C6-C1)
AFC000142	Fatty alcohols	Fatty acids	Fatty acyls
AFC000145	Monosaccharides	Carbohydrates	Saccharides
AFC000146	Dicarboxylic acids	Fatty acids	Fatty Acids and Conjugates
AFC000147	Dicarboxylic acids	Fatty acids	Fatty Acids and Conjugates
AFC000148	Dicarboxylic acids	Fatty acids	Fatty Acids and Conjugates
AFC000150	Simple phenolic acids	Shikimates and Phenylpropanoids	Phenolic acids (C6-C1)
AFC000151	Fatty aldehydes	Fatty acids	Fatty acyls
AFC000152	Unsaturated fatty acids	Fatty acids	Fatty Acids and Conjugates
AFC000153
AFC000155	Unsaturated fatty acids	Fatty acids	Fatty Acids and Conjugates
AFC000157
AFC000158	Simple phenolic acids	Shikimates and Phenylpropanoids	Phenolic acids (C6-C1)
AFC000159
AFC000161	Acetate-derived alkaloids;Polyamines	Alkaloids	Ornithine alkaloids;Pseudoalkaloids (transamidation)
AFC000162	Pyridine alkaloids	Alkaloids	Nicotinic acid alkaloids
AFC000163	Pyridine alkaloids	Alkaloids	Nicotinic acid alkaloids
AFC000164	Pyridine alkaloids	Alkaloids	Nicotinic acid alkaloids
AFC000165	Pyridine alkaloids	Alkaloids	Nicotinic acid alkaloids
AFC000166	Pyridine alkaloids	Alkaloids	Nicotinic acid alkaloids
AFC000167	Pyridine alkaloids	Alkaloids	Nicotinic acid alkaloids
AFC000168	Imidazole alkaloids	Alkaloids	Histidine alkaloids
AFC000172	Hydroxy fatty acids	Fatty acids	Fatty Acids and Conjugates
AFC000174	Aminoacids	Amino acids and Peptides	Small peptides
AFC000176	Polyamines	Alkaloids	Ornithine alkaloids
AFC000177	Polyamines	Alkaloids	Ornithine alkaloids
AFC000178	Dicarboxylic acids	Fatty acids	Fatty Acids and Conjugates
AFC000182	Amino acids and Peptides
AFC000183
AFC000185	Aminoacids	Amino acids and Peptides	Small peptides
AFC000186	Simple indole alkaloids	Alkaloids	Tryptophan alkaloids
AFC000187	Aminoacids	Amino acids and Peptides	Small peptides
AFC000188	Pyridine alkaloids	Alkaloids	Nicotinic acid alkaloids
AFC000189	Purine alkaloids	Alkaloids	Pseudoalkaloids (transamidation)
AFC000191	Alkaloids
AFC000192	Amino fatty acids;Aminoacids	Amino acids and Peptides;Fatty acids	Fatty Acids and Conjugates;Small peptides
AFC000193	Purine alkaloids	Alkaloids	Pseudoalkaloids (transamidation)
AFC000194	Fatty acids
AFC000195	Cinnamic acids and derivatives	Shikimates and Phenylpropanoids	Phenylpropanoids (C6-C3)
AFC000197	Dicarboxylic acids	Fatty acids	Fatty Acids and Conjugates
AFC000198	Shikimates and Phenylpropanoids	Flavonoids
AFC000199	Menthane monoterpenoids;Monocyclic monoterpenoids	Terpenoids	Monoterpenoids
AFC000200	Branched fatty acids;Unsaturated fatty acids	Fatty acids	Fatty Acids and Conjugates
AFC000202	Acridone alkaloids	Alkaloids	Anthranilic acid alkaloids
AFC000203	Unsaturated fatty acids	Fatty acids	Fatty Acids and Conjugates
AFC000204	Flavanones	Shikimates and Phenylpropanoids	Flavonoids
AFC000205	Prenyl quinone meroterpenoids	Terpenoids	Meroterpenoids
AFC000206	Aminoacids	Amino acids and Peptides	Small peptides
AFC000207	Aporphine alkaloids;Isoquinoline alkaloids	Alkaloids	Tyrosine alkaloids
AFC000208	Simple phenolic acids	Shikimates and Phenylpropanoids	Phenolic acids (C6-C1)
AFC000209	Naphthoquinones	Polyketides	Naphthalenes
AFC000210	Unsaturated fatty acids	Fatty acids	Fatty Acids and Conjugates
AFC000211	Phenylethylamines	Alkaloids	Tyrosine alkaloids
AFC000212	Fatty alcohols;Monosaccharides	Carbohydrates;Fatty acids	Fatty acyls;Saccharides
AFC000213	Pyrimidine nucleosides	Carbohydrates	Nucleosides
AFC000214	Monosaccharides;Polysaccharides	Carbohydrates	Saccharides
AFC000215	Aminoacids	Amino acids and Peptides	Small peptides
AFC000223	Aminoacids	Amino acids and Peptides	Small peptides
AFC000225	Disaccharides	Carbohydrates	Saccharides
AFC000226	Pregnane steroids	Terpenoids	Steroids
AFC000227	Cholestane steroids	Terpenoids	Steroids
AFC000229	Monosaccharides	Carbohydrates	Saccharides
AFC000230	Pyrimidine nucleosides	Carbohydrates	Nucleosides
AFC000234	Aminoacids;Phenylethylamines	Alkaloids;Amino acids and Peptides	Small peptides;Tyrosine alkaloids
AFC000235	Phenylethanoids	Shikimates and Phenylpropanoids	Phenylethanoids (C6-C2)
AFC000237	Purine nucleotides	Carbohydrates	Nucleosides
AFC000240	Androstane steroids	Terpenoids	Steroids
AFC000244	Disaccharides	Carbohydrates	Saccharides
AFC000246	Aminoacids	Amino acids and Peptides	Small peptides
AFC000247	Pyrimidine nucleosides	Carbohydrates	Nucleosides
AFC000249	Fatty aldehydes	Fatty acids	Fatty acyls
AFC000254	Aminoacids	Amino acids and Peptides	Small peptides
AFC000255	Fatty alcohols	Fatty acids	Fatty acyls
AFC000262	Shikimic acids and derivatives;Simple phenolic acids	Shikimates and Phenylpropanoids	Phenolic acids (C6-C1)
AFC000263	Acyclic monoterpenoids	Terpenoids	Monoterpenoids
AFC000268	N-acyl amines	Fatty acids	Fatty amides
AFC000269	Cholane steroids	Terpenoids	Steroids
AFC000270	Menthane monoterpenoids	Terpenoids	Monoterpenoids
AFC000271	Monosaccharides	Carbohydrates	Saccharides
AFC000272	Fatty aldehydes	Fatty acids	Fatty acyls
AFC000273	Oxygenated hydrocarbons	Fatty acids	Fatty acyls
AFC000274	Carbohydrates
AFC000275	Wax monoesters	Fatty acids	Fatty esters
AFC000276
AFC000277	Aminoacids	Amino acids and Peptides	Small peptides
AFC000278	Shikimates and Phenylpropanoids
AFC000279	Disaccharides	Carbohydrates	Saccharides
AFC000281	Aminosugars	Carbohydrates	Aminosugars and aminoglycosides
AFC000282	Polysaccharides	Carbohydrates	Saccharides
AFC000283	Simple phenolic acids	Shikimates and Phenylpropanoids	Phenolic acids (C6-C1)
AFC000284	Cinnamic acids and derivatives	Shikimates and Phenylpropanoids	Phenylpropanoids (C6-C3)
AFC000285	Lactones	Fatty acids	Fatty esters
AFC000286	Fatty alcohols	Fatty acids	Fatty acyls
AFC000287	Wax monoesters	Fatty acids	Fatty esters
AFC000288	Wax monoesters	Fatty acids	Fatty esters
AFC000289	Wax monoesters	Fatty acids	Fatty esters
AFC000290	Wax monoesters	Fatty acids	Fatty esters
AFC000294	4-pyrone derivatives	Polyketides	Cyclic polyketides
AFC000295	Wax monoesters	Fatty acids	Fatty esters
AFC000296	Oxygenated hydrocarbons	Fatty acids	Fatty acyls
AFC000297	Fatty aldehydes	Fatty acids	Fatty acyls
AFC000298	Fatty acids	Fatty acyls
AFC000299	Oxygenated hydrocarbons	Fatty acids	Fatty acyls
AFC000300	Fatty alcohols	Fatty acids	Fatty acyls
AFC000301	Fatty alcohols	Fatty acids	Fatty acyls
AFC000302	Fatty aldehydes	Fatty acids	Fatty acyls
AFC000303	Fatty aldehydes	Fatty acids	Fatty acyls
AFC000304	Fatty alcohols	Fatty acids	Fatty acyls
AFC000305	Fatty alcohols	Fatty acids	Fatty acyls
AFC000306	Fatty aldehydes	Fatty acids	Fatty acyls
AFC000307	Fatty alcohols	Fatty acids	Fatty acyls
AFC000308	Unsaturated fatty acids	Fatty acids	Fatty Acids and Conjugates
AFC000310	Tropane alkaloids	Alkaloids	Ornithine alkaloids
AFC000311	Cinnamic acids and derivatives;Simple phenolic acids	Shikimates and Phenylpropanoids	Phenolic acids (C6-C1);Phenylpropanoids (C6-C3)
AFC000312	Aminosugars	Carbohydrates	Aminosugars and aminoglycosides
AFC000313	Fatty alcohols	Fatty acids	Fatty acyls
AFC000314	Simple phenolic acids	Shikimates and Phenylpropanoids	Phenolic acids (C6-C1)
AFC000315	Wax monoesters	Fatty acids	Fatty esters
AFC000316	Wax monoesters	Fatty acids	Fatty esters
AFC000317	Fatty alcohols	Fatty acids	Fatty acyls
AFC000318	Simple indole alkaloids	Alkaloids	Tryptophan alkaloids
AFC000322	Aminoacids	Amino acids and Peptides	Small peptides
AFC000323	Oxygenated hydrocarbons	Fatty acids	Fatty acyls
AFC000324	Apocarotenoids (β-)	Terpenoids	Apocarotenoids
AFC000325	Purine nucleotides	Carbohydrates	Nucleosides
AFC000327	Pyrimidine nucleotides	Carbohydrates	Nucleosides
AFC000328	Dicarboxylic acids	Fatty acids	Fatty Acids and Conjugates
AFC000329	Phenylethanoids	Shikimates and Phenylpropanoids	Phenylethanoids (C6-C2)
AFC000330	Unsaturated fatty acids	Fatty acids	Fatty Acids and Conjugates
AFC000331	Unsaturated fatty acids	Fatty acids	Fatty Acids and Conjugates
AFC000332	Monosaccharides	Carbohydrates	Saccharides
AFC000333	Simple phenolic acids	Shikimates and Phenylpropanoids	Phenolic acids (C6-C1)
AFC000334	Unsaturated fatty acids	Fatty acids	Fatty Acids and Conjugates
AFC000335	Hydrocarbons	Fatty acids	Fatty acyls
AFC000336
AFC000337	Unsaturated fatty acids	Fatty acids	Fatty Acids and Conjugates
AFC000338
AFC000339	Fatty alcohols	Fatty acids	Fatty acyls
AFC000340	Monocyclic monoterpenoids	Terpenoids	Monoterpenoids
AFC000341	Oxygenated hydrocarbons	Fatty acids	Fatty acyls
AFC000342	Fatty aldehydes	Fatty acids	Fatty acyls
AFC000343	Hydrocarbons	Fatty acids	Fatty acyls
AFC000344	Oxygenated hydrocarbons	Fatty acids	Fatty acyls
AFC000347	Fatty alcohols	Fatty acids	Fatty acyls
AFC000348	Shikimic acids and derivatives;Simple phenolic acids	Shikimates and Phenylpropanoids	Phenolic acids (C6-C1)
AFC000349	Dicarboxylic acids	Fatty acids	Fatty Acids and Conjugates
AFC000351	Dicarboxylic acids	Fatty acids	Fatty Acids and Conjugates
AFC000352	Hydrocarbons	Fatty acids	Fatty acyls
AFC000353	Hydrocarbons	Fatty acids	Fatty acyls
AFC000354	Fatty alcohols	Fatty acids	Fatty acyls
AFC000355	Hydrocarbons	Fatty acids	Fatty acyls
AFC000356	Hydrocarbons	Fatty acids	Fatty acyls
AFC000357	Hydrocarbons	Fatty acids	Fatty acyls
AFC000358	Hydrocarbons	Fatty acids	Fatty acyls
AFC000359	Fatty aldehydes	Fatty acids	Fatty acyls
AFC000360	Fatty aldehydes	Fatty acids	Fatty acyls
AFC000361	Aminoacids	Amino acids and Peptides	Small peptides
AFC000362	Oxygenated hydrocarbons	Fatty acids	Fatty acyls
AFC000363	Wax monoesters	Fatty acids	Fatty esters
AFC000364	Purine nucleosides	Carbohydrates	Nucleosides
AFC000366	Pyrimidine nucleotides	Carbohydrates	Nucleosides
AFC000368	Prenyl quinone meroterpenoids	Terpenoids	Meroterpenoids
AFC000369	Oxygenated hydrocarbons	Fatty acids	Fatty acyls
AFC000370	Purine nucleotides	Carbohydrates	Nucleosides
AFC000371	Hydrocarbons	Fatty acids	Fatty acyls
AFC000372	Wax monoesters	Fatty acids	Fatty esters
AFC000373	Aminosugars	Carbohydrates	Aminosugars and aminoglycosides
AFC000374	Furocoumarins	Shikimates and Phenylpropanoids	Coumarins
AFC000375	Other Octadecanoids	Fatty acids	Octadecanoids
AFC000376	Unsaturated fatty acids	Fatty acids	Fatty Acids and Conjugates
AFC000377	Fatty acids
AFC000378	Fatty alcohols	Fatty acids	Fatty acyls
AFC000379	Aminosugars	Carbohydrates	Aminosugars and aminoglycosides
AFC000381	Fatty acids
AFC000382	Copaane sesquiterpenoids	Terpenoids	Sesquiterpenoids
AFC000383	Fatty alcohols	Fatty acids	Fatty acyls
AFC000384	Aminoacids	Amino acids and Peptides	Small peptides
AFC000385	Menthane monoterpenoids;Monocyclic monoterpenoids;Pinane monoterpenoids	Terpenoids	Monoterpenoids
AFC000386	Fatty aldehydes	Fatty acids	Fatty acyls
AFC000389	Wax monoesters	Fatty acids	Fatty esters
AFC000390	Pyrroloquinoline alkaloids	Alkaloids	Tryptophan alkaloids
AFC000391	Purine nucleosides	Carbohydrates	Nucleosides
AFC000394	Monoacylglycerols	Fatty acids	Glycerolipids
AFC000396	Fatty aldehydes	Fatty acids	Fatty acyls
AFC000397	Wax monoesters	Fatty acids	Fatty esters
AFC000398	Hydrocarbons	Fatty acids	Fatty acyls
AFC000399	Carane monoterpenoids	Terpenoids	Monoterpenoids
AFC000400	Fatty alcohols	Fatty acids	Fatty acyls
AFC000401	Apocarotenoids (β-)	Terpenoids	Apocarotenoids
AFC000408	Acyclic monoterpenoids	Terpenoids	Monoterpenoids
AFC000409	Fatty alcohols	Fatty acids	Fatty acyls
AFC000410	Wax monoesters	Fatty acids	Fatty esters
AFC000411	Fatty aldehydes	Fatty acids	Fatty acyls
AFC000412	Purine alkaloids	Alkaloids	Pseudoalkaloids (transamidation)
AFC000413	Aminoacids	Amino acids and Peptides	Small peptides
AFC000415	Fatty acids	Fatty acyls
AFC000416	Fatty acids
AFC000417	Purine nucleosides	Carbohydrates	Nucleosides
AFC000418	Fatty aldehydes	Fatty acids	Fatty acyls
AFC000419	Acyclic monoterpenoids	Terpenoids	Monoterpenoids
AFC000420	Oxygenated hydrocarbons	Fatty acids	Fatty acyls
AFC000421	Hydroxy fatty acids	Fatty acids	Fatty Acids and Conjugates
AFC000422	Fatty aldehydes	Fatty acids	Fatty acyls
AFC000423
AFC000425	Purine nucleosides	Carbohydrates	Nucleosides
AFC000427	Pyrimidine nucleotides	Carbohydrates	Nucleosides
AFC000428	Pyrimidine nucleotides	Carbohydrates	Nucleosides
AFC000429	Pyrimidine nucleotides	Carbohydrates	Nucleosides
AFC000432	Monosaccharides	Carbohydrates	Saccharides
AFC000433	Dipeptides	Amino acids and Peptides	Small peptides
AFC000434	Ergostane steroids	Terpenoids	Steroids
AFC000435	Tripeptides	Amino acids and Peptides	Small peptides
AFC000436	Dibenzylbutane lignans	Shikimates and Phenylpropanoids	Lignans
AFC000437	Monosaccharides	Carbohydrates	Saccharides
AFC000438	Cholestane steroids	Terpenoids	Steroids
AFC000439	Wax monoesters	Fatty acids	Fatty esters
AFC000440
AFC000442	Aminoacids	Amino acids and Peptides	Small peptides
AFC000443	Flavanones	Shikimates and Phenylpropanoids	Flavonoids
AFC000444	Fatty alcohols	Fatty acids	Fatty acyls
AFC000445	Aminoacids	Amino acids and Peptides	Small peptides
AFC000446
AFC000447	Monosaccharides	Carbohydrates	Saccharides
AFC000448	Dipeptides	Amino acids and Peptides	Small peptides
AFC000451
AFC000452	Flavandiols (Leucoanthocyanidins)	Shikimates and Phenylpropanoids	Flavonoids
AFC000453	N-acyl amines	Fatty acids	Fatty amides
AFC000454	Oleanane triterpenoids	Terpenoids	Triterpenoids
AFC000456	Dihydroflavonols	Shikimates and Phenylpropanoids	Flavonoids
AFC000457	Oleanane triterpenoids	Terpenoids	Triterpenoids
AFC000458	Purine nucleotides	Carbohydrates	Nucleosides
AFC000459	Furofuranoid lignans	Shikimates and Phenylpropanoids	Lignans
AFC000460	Simple indole alkaloids	Alkaloids	Tryptophan alkaloids
AFC000461	Simple indole alkaloids	Alkaloids	Tryptophan alkaloids
AFC000462	Hydrocarbons	Fatty acids	Fatty acyls
AFC000463	Monosaccharides	Carbohydrates	Saccharides
AFC000465	Tropane alkaloids	Alkaloids	Ornithine alkaloids
AFC000466	Hydroxy fatty acids	Fatty acids	Fatty Acids and Conjugates
AFC000467	Flavanones	Shikimates and Phenylpropanoids	Flavonoids
AFC000469	Lactones	Fatty acids	Fatty esters
AFC000471	Cholestane steroids	Terpenoids	Steroids
AFC000472	Carbohydrates
AFC000473	Aminoacids	Amino acids and Peptides	Small peptides
AFC000474	Prenyl quinone meroterpenoids	Terpenoids	Meroterpenoids
AFC000475	Gibberellins	Terpenoids	Diterpenoids
AFC000476	Cycloartane triterpenoids;Lanostane, Tirucallane and Euphane triterpenoids	Terpenoids	Triterpenoids
AFC000477	Ergostane steroids	Terpenoids	Steroids
AFC000478	Cholestane steroids	Terpenoids	Steroids
AFC000480	Fatty acyl CoAs	Fatty acids	Fatty esters
AFC000481	Purine alkaloids	Alkaloids	Pseudoalkaloids (transamidation)
AFC000482	Prenyl quinone meroterpenoids	Terpenoids	Meroterpenoids
AFC000483	Pregnane steroids	Terpenoids	Steroids
AFC000484	Cholestane steroids	Terpenoids	Steroids
AFC000485	Fatty acyl CoAs	Fatty acids	Fatty esters
AFC000488	Disaccharides;Polysaccharides	Carbohydrates	Saccharides
AFC000489	Aminoacids	Amino acids and Peptides	Small peptides
AFC000491	Iridoids monoterpenoids	Terpenoids	Monoterpenoids
AFC000492	Aminoacids;Dipeptides	Amino acids and Peptides	Small peptides
AFC000493	Fatty acyl CoAs	Fatty acids	Fatty esters
AFC000494	Monosaccharides	Carbohydrates	Saccharides
AFC000495	Cycloartane triterpenoids	Terpenoids	Triterpenoids
AFC000496	Monosaccharides	Carbohydrates	Saccharides
AFC000497	Monosaccharides	Carbohydrates	Saccharides
AFC000498	Fatty acids	Fatty acyls
AFC000500	Aminoacids	Amino acids and Peptides	Small peptides
AFC000501	Purine nucleotides	Carbohydrates	Nucleosides
AFC000502	Anthranillic acid derivatives	Alkaloids	Anthranilic acid alkaloids
AFC000503	Cycloartane triterpenoids;Ergostane steroids	Terpenoids	Triterpenoids;Steroids
AFC000504	Cholestane steroids	Terpenoids	Steroids
AFC000505	Wax monoesters	Fatty acids	Fatty esters
AFC000507	Monosaccharides;Pyrimidine nucleotides	Carbohydrates	Saccharides;Nucleosides
AFC000509	Monosaccharides	Carbohydrates	Saccharides
AFC000512	Fatty acids
AFC000513	Wax monoesters	Fatty acids	Fatty esters
AFC000514	Simple indole alkaloids	Alkaloids	Tryptophan alkaloids
AFC000515	Flavones	Shikimates and Phenylpropanoids	Flavonoids
AFC000516	Flavanones	Shikimates and Phenylpropanoids	Flavonoids
AFC000517	Oleanane triterpenoids	Terpenoids	Triterpenoids
AFC000518	Shikimates and Phenylpropanoids
AFC000519	Dibenzylbutyrolactone lignans	Shikimates and Phenylpropanoids	Lignans
AFC000520	Monosaccharides	Carbohydrates	Saccharides
AFC000521	Fatty acids
AFC000522	Cholestane steroids;Ergostane steroids	Terpenoids	Steroids
AFC000523	Tripeptides	Amino acids and Peptides	Small peptides
AFC000525	Carboline alkaloids	Alkaloids	Tryptophan alkaloids
AFC000526	Simple phenolic acids	Shikimates and Phenylpropanoids	Phenolic acids (C6-C1)
AFC000527	Cyclitols	Carbohydrates	Polyols
AFC000529	Oleanane triterpenoids	Terpenoids	Triterpenoids
AFC000531	Fatty acyl CoAs	Fatty acids	Fatty esters
AFC000532	Cyclitols	Carbohydrates	Polyols
AFC000533	Disaccharides	Carbohydrates	Saccharides
AFC000534	Monosaccharides	Carbohydrates	Saccharides
AFC000535	Dihydroflavonols	Shikimates and Phenylpropanoids	Flavonoids
AFC000536	Simple phenolic acids	Shikimates and Phenylpropanoids	Phenolic acids (C6-C1)
AFC000539	Pyrimidine nucleotides	Carbohydrates	Nucleosides
AFC000542	Dipeptides	Amino acids and Peptides	Small peptides
AFC000543
AFC000544	Tripeptides	Amino acids and Peptides	Small peptides
AFC000546	Dipeptides	Amino acids and Peptides	Small peptides
AFC000549	Aminoacids	Amino acids and Peptides	Small peptides
AFC000550	Monosaccharides	Carbohydrates	Saccharides
AFC000552	Hydrocarbons	Fatty acids	Fatty acyls
AFC000555	Pyrimidine nucleotides	Carbohydrates	Nucleosides
AFC000557	Flavonols	Shikimates and Phenylpropanoids	Flavonoids
AFC000558	Pyrimidine nucleotides	Carbohydrates	Nucleosides
AFC000559	Aminoacids	Amino acids and Peptides	Small peptides
AFC000560	Pyridine alkaloids	Alkaloids	Nicotinic acid alkaloids
AFC000561	Dipeptides	Amino acids and Peptides	Small peptides
AFC000562	Aminoacids	Amino acids and Peptides	Small peptides
AFC000563
AFC000564	Fatty aldehydes	Fatty acids	Fatty acyls
AFC000566	Phenylethanoids	Shikimates and Phenylpropanoids	Phenylethanoids (C6-C2)
AFC000568	Multiflorane triterpenoids	Terpenoids	Triterpenoids
AFC000569	Fatty acids
AFC000570	Androstane steroids	Terpenoids	Steroids
AFC000571	Aminoacids	Amino acids and Peptides	Small peptides
AFC000572	Aminoacids	Amino acids and Peptides	Small peptides
AFC000573	Pyrimidine nucleotides	Carbohydrates	Nucleosides
AFC000574	Monosaccharides	Carbohydrates	Saccharides
AFC000575	Purine nucleotides	Carbohydrates	Nucleosides
AFC000576	Cyclitols	Carbohydrates	Polyols
AFC000577	Aminosugars	Carbohydrates	Aminosugars and aminoglycosides
AFC000579	Alkaloids
AFC000580	Secoiridoid monoterpenoids	Terpenoids	Monoterpenoids
AFC000581	Carboline alkaloids	Alkaloids	Tryptophan alkaloids
AFC000582	Alkaloids;Terpenoids
AFC000583	Dihydroflavonols	Shikimates and Phenylpropanoids	Flavonoids
AFC000585	Flavones	Shikimates and Phenylpropanoids	Flavonoids
AFC000586	Unsaturated fatty acids	Fatty acids	Fatty Acids and Conjugates
AFC000587	Cyclitols	Carbohydrates	Polyols
AFC000589	Monosaccharides	Carbohydrates	Saccharides
AFC000590	Purine nucleotides;Pyrimidine nucleotides	Carbohydrates	Nucleosides
AFC000591	Fatty acyl CoAs	Fatty acids	Fatty esters
AFC000592	Fatty acyl CoAs	Fatty acids	Fatty esters
AFC000594	Lanostane, Tirucallane and Euphane triterpenoids	Terpenoids	Triterpenoids
AFC000595	Cholestane steroids	Terpenoids	Steroids
AFC000596	Pyrazine and Piperazine alkaloids	Alkaloids	Peptide alkaloids
AFC000597	Hydroxy fatty acids	Fatty acids	Fatty Acids and Conjugates
AFC000598	Imidazole alkaloids	Alkaloids	Histidine alkaloids
AFC000599	Isoflavanones	Shikimates and Phenylpropanoids	Isoflavonoids
AFC000600	Aminosugars	Carbohydrates	Aminosugars and aminoglycosides
AFC000601	Ergostane steroids	Terpenoids	Steroids
AFC000602	Carbohydrates
AFC000604	Arylnaphthalene and aryltetralin lignans	Shikimates and Phenylpropanoids	Lignans
AFC000607	Flavones	Shikimates and Phenylpropanoids	Flavonoids
AFC000608	Monosaccharides	Carbohydrates	Saccharides
AFC000609	Aminosugars	Carbohydrates	Aminosugars and aminoglycosides
AFC000610	Purine nucleotides	Carbohydrates	Nucleosides
AFC000611	Shikimic acids and derivatives;Simple phenolic acids	Shikimates and Phenylpropanoids	Phenolic acids (C6-C1)
AFC000612	Flavonols	Shikimates and Phenylpropanoids	Flavonoids
AFC000613	Tripeptides	Amino acids and Peptides	Small peptides
AFC000614	Dipeptides	Amino acids and Peptides	Small peptides
AFC000615	Aminoacids	Amino acids and Peptides	Small peptides
AFC000616	Aminoacids	Amino acids and Peptides	Small peptides
AFC000617	Carbohydrates
AFC000618	Ergostane steroids	Terpenoids	Steroids
AFC000619	Cholestane steroids;Ergostane steroids	Terpenoids	Steroids
AFC000620	Aminoacids	Amino acids and Peptides	Small peptides
AFC000621	Polyamines	Alkaloids	Ornithine alkaloids
AFC000622	Alkaloids
AFC000623	Stigmastane steroids	Terpenoids	Steroids
AFC000625	Fatty alcohols	Fatty acids	Fatty acyls
AFC000626	Oxygenated hydrocarbons	Fatty acids	Fatty acyls
AFC000627	Lanostane, Tirucallane and Euphane triterpenoids	Terpenoids	Triterpenoids
AFC000628	Purine alkaloids	Alkaloids	Pseudoalkaloids (transamidation)
AFC000629	Alkaloids;Terpenoids
AFC000630	Lupane triterpenoids	Terpenoids	Triterpenoids
AFC000631	Furanoid lignans	Shikimates and Phenylpropanoids	Lignans
AFC000633	Simple indole alkaloids	Alkaloids	Tryptophan alkaloids
AFC000634	Iridoids monoterpenoids	Terpenoids	Monoterpenoids
AFC000636	Purine nucleosides	Carbohydrates	Nucleosides
AFC000637	Monosaccharides	Carbohydrates	Saccharides
AFC000638	Monosaccharides	Carbohydrates	Saccharides
AFC000639	Purine nucleosides	Carbohydrates	Nucleosides
AFC000640	Purine nucleosides	Carbohydrates	Nucleosides
AFC000641	Hydroxy fatty acids	Fatty acids	Fatty Acids and Conjugates
AFC000642	Monosaccharides	Carbohydrates	Saccharides
AFC000644	Carbohydrates
AFC000645	Aminoacids	Amino acids and Peptides	Small peptides
AFC000646	Aminosugars	Carbohydrates	Aminosugars and aminoglycosides
AFC000648	Alkaloids
AFC000650	Aminoacids	Amino acids and Peptides	Small peptides
AFC000651	Monosaccharides	Carbohydrates	Saccharides
AFC000652	Disaccharides;Polysaccharides	Carbohydrates	Saccharides
AFC000654	Monosaccharides	Carbohydrates	Saccharides
AFC000655	Aminoacids	Amino acids and Peptides	Small peptides
AFC000656	Phenylethylamines	Alkaloids	Tyrosine alkaloids
AFC000658
AFC000660	Aminoacids	Amino acids and Peptides	Small peptides
AFC000662	Pyrimidine nucleotides	Carbohydrates	Nucleosides
AFC000663	Aminoacids	Amino acids and Peptides	Small peptides
AFC000664	Aminoacids	Amino acids and Peptides	Small peptides
AFC000666	Shikimic acids and derivatives	Shikimates and Phenylpropanoids	Phenolic acids (C6-C1)
AFC000669	Monosaccharides	Carbohydrates	Saccharides
AFC000670	Aminoacids	Amino acids and Peptides	Small peptides
AFC000671
AFC000672	Hydroxy fatty acids	Fatty acids	Fatty Acids and Conjugates
AFC000673	Aminoacids	Amino acids and Peptides	Small peptides
AFC000674	Hydroxy fatty acids	Fatty acids	Fatty Acids and Conjugates
AFC000675	Cholestane steroids	Terpenoids	Steroids
AFC000677	Amino fatty acids;Aminoacids	Amino acids and Peptides;Fatty acids	Small peptides;Fatty Acids and Conjugates
AFC000678
AFC000679	Cyclitols	Carbohydrates	Polyols
AFC000680	Carbohydrates	Polyols
AFC000681	Aminosugars	Carbohydrates	Aminosugars and aminoglycosides
AFC000682	Cyclitols	Carbohydrates	Polyols
AFC000684	Cyclitols	Carbohydrates	Polyols
AFC000685	Dipeptides	Amino acids and Peptides	Small peptides
AFC000686	Disaccharides	Carbohydrates	Saccharides
AFC000687	Polysaccharides	Carbohydrates	Saccharides
AFC000688	Monosaccharides	Carbohydrates	Saccharides
AFC000689	Cholestane steroids	Terpenoids	Steroids
AFC000690	Disaccharides;Polysaccharides	Carbohydrates	Saccharides
AFC000691	Polysaccharides	Carbohydrates	Saccharides
AFC000692	Fatty acyl CoAs	Fatty acids	Fatty esters
AFC000693	Alkaloids
AFC000696	Disaccharides;Monosaccharides	Carbohydrates	Saccharides
AFC000697	Monosaccharides	Carbohydrates	Saccharides
AFC000700	Shikimic acids and derivatives	Shikimates and Phenylpropanoids	Phenolic acids (C6-C1)
AFC000701	Sphingoid bases	Fatty acids	Spingolipids
AFC000702	Aminosugars	Carbohydrates	Aminosugars and aminoglycosides
AFC000704
AFC000705	Shikimates and Phenylpropanoids
AFC000706	Monosaccharides	Carbohydrates	Saccharides
AFC000707	Aminoacids	Amino acids and Peptides	Small peptides
AFC000708
AFC000709	Aminosugars	Carbohydrates	Aminosugars and aminoglycosides
AFC000710	Ergostane steroids	Terpenoids	Steroids
AFC000711	Cleistanthane diterpenoids	Terpenoids	Diterpenoids
AFC000713	Carbohydrates
AFC000714	Disaccharides;Polysaccharides	Carbohydrates	Saccharides
AFC000716	Cholestane steroids	Terpenoids	Steroids
AFC000717	Lanostane, Tirucallane and Euphane triterpenoids	Terpenoids	Triterpenoids
AFC000719	Disaccharides	Carbohydrates	Saccharides
AFC000720	Monosaccharides	Carbohydrates	Saccharides
AFC000721	Flavanones	Shikimates and Phenylpropanoids	Flavonoids
AFC000723
AFC000724	Dipeptides	Amino acids and Peptides	Small peptides
AFC000725	Fatty aldehydes	Fatty acids	Fatty acyls
AFC000726	Hydroxy fatty acids	Fatty acids	Fatty Acids and Conjugates
AFC000727	Gibberellins	Terpenoids	Diterpenoids
AFC000728	Isoquinoline alkaloids;Tetrahydroisoquinoline alkaloids	Alkaloids	Tyrosine alkaloids
AFC000730	Pinane monoterpenoids	Terpenoids	Monoterpenoids
AFC000731	Pinane monoterpenoids	Terpenoids	Monoterpenoids
AFC000732	Acyl phloroglucinols	Polyketides	Phloroglucinols
AFC000733	Polysaccharides	Carbohydrates	Saccharides
AFC000734	Polysaccharides	Carbohydrates	Saccharides
AFC000735	Aminoacids	Amino acids and Peptides	Small peptides
AFC000737	Chromones	Polyketides	Chromanes
AFC000738	Chamigrane sesquiterpenoids	Terpenoids	Sesquiterpenoids
AFC000739	Fatty acyl CoAs	Fatty acids	Fatty esters
AFC000742	Menthane monoterpenoids;Monocyclic monoterpenoids	Terpenoids	Monoterpenoids
AFC000743	Pyrimidine nucleotides	Carbohydrates	Nucleosides
AFC000744	Pyrimidine nucleotides	Carbohydrates	Nucleosides
AFC000745	Monosaccharides	Carbohydrates	Saccharides
AFC000746	Pyrimidine nucleotides	Carbohydrates	Nucleosides
AFC000748	Cholestane steroids;Lanostane, Tirucallane and Euphane triterpenoids	Terpenoids	Triterpenoids;Steroids
AFC000749	Ergostane steroids	Terpenoids	Steroids
AFC000750	Cyclitols	Carbohydrates	Polyols
AFC000751	Terpenoids
AFC000752	Gibberellins	Terpenoids	Diterpenoids
AFC000753	Gibberellins	Terpenoids	Diterpenoids
AFC000754	Gibberellins	Terpenoids	Diterpenoids
AFC000755	Gibberellins	Terpenoids	Diterpenoids
AFC000756	Gibberellins;Tetracyclic diterpenoids	Terpenoids	Diterpenoids
AFC000757	Kaurane and Phyllocladane diterpenoids	Terpenoids	Diterpenoids
AFC000758	Kaurane and Phyllocladane diterpenoids	Terpenoids	Diterpenoids
AFC000760	Oleanane triterpenoids	Terpenoids	Triterpenoids
AFC000761	Aminoacids	Amino acids and Peptides	Small peptides
AFC000762	Cleistanthane diterpenoids	Terpenoids	Diterpenoids
AFC000763	Fatty acyl CoAs	Fatty acids	Fatty esters
AFC000765	Cinnamic acids and derivatives	Shikimates and Phenylpropanoids	Phenylpropanoids (C6-C3)
AFC000766	Unsaturated fatty acids	Fatty acids	Fatty Acids and Conjugates
AFC000767	Dicarboxylic acids	Fatty acids	Fatty Acids and Conjugates
AFC000768	Prostaglandins	Fatty acids	Eicosanoids
AFC000769	Farnesane sesquiterpenoids	Terpenoids	Sesquiterpenoids
AFC000770	Fatty acyl CoAs	Fatty acids	Fatty esters
AFC000771	Fatty acyl CoAs	Fatty acids	Fatty esters
AFC000772	Alkaloids	Tryptophan alkaloids
AFC000773	Unsaturated fatty acids	Fatty acids	Fatty Acids and Conjugates
AFC000774	Unsaturated fatty acids	Fatty acids	Fatty Acids and Conjugates
AFC000776	Cinnamic acids and derivatives	Shikimates and Phenylpropanoids	Phenylpropanoids (C6-C3)
AFC000777	Pyrimidine nucleotides	Carbohydrates	Nucleosides
AFC000778	Monosaccharides	Carbohydrates	Saccharides
AFC000779	Acyclic monoterpenoids	Terpenoids	Monoterpenoids
AFC000780	Purine nucleotides	Carbohydrates	Nucleosides
AFC000781	Unsaturated fatty acids	Fatty acids	Fatty Acids and Conjugates
AFC000782	Carotenoids (C40, ε-ε)	Terpenoids	Carotenoids (C40)
AFC000783	Polysaccharides	Carbohydrates	Saccharides
AFC000784	Anthranillic acid derivatives	Alkaloids	Anthranilic acid alkaloids
AFC000786	Dipeptides;Tripeptides	Amino acids and Peptides	Small peptides
AFC000787	Purine nucleotides	Carbohydrates	Nucleosides
AFC000788	Farnesane sesquiterpenoids	Terpenoids	Sesquiterpenoids
AFC000791	Aminosugars	Carbohydrates	Aminosugars and aminoglycosides
AFC000792	Carotenoids (C40, β-β)	Terpenoids	Carotenoids (C40)
AFC000794	Monosaccharides	Carbohydrates	Saccharides
AFC000795	Purine alkaloids	Alkaloids	Pseudoalkaloids (transamidation)
AFC000796	Phenazine alkaloids	Alkaloids	Anthranilic acid alkaloids
AFC000799	Fatty aldehydes	Fatty acids	Fatty acyls
AFC000800	Acyclic monoterpenoids	Terpenoids	Monoterpenoids
AFC000801	Quinolizidine alkaloids	Alkaloids	Lysine alkaloids
AFC000802	Fatty alcohols	Fatty acids	Fatty acyls
AFC000803	Stigmastane steroids	Terpenoids	Steroids
AFC000804	Cinnamic acids and derivatives	Shikimates and Phenylpropanoids	Phenylpropanoids (C6-C3)
AFC000805	Cinnamic acids and derivatives	Shikimates and Phenylpropanoids	Phenylpropanoids (C6-C3)
AFC000807	Fatty aldehydes	Fatty acids	Fatty acyls
AFC000808	Acyclic monoterpenoids	Terpenoids	Monoterpenoids
AFC000809	Cinnamic acids and derivatives	Shikimates and Phenylpropanoids	Phenylpropanoids (C6-C3)
AFC000810	Acyclic monoterpenoids;Cubebane sesquiterpenoids	Terpenoids	Monoterpenoids;Sesquiterpenoids
AFC000811	Apocarotenoids (β-);Megastigmanes	Terpenoids	Apocarotenoids
AFC000812	Cyclophytane diterpenoids	Terpenoids	Diterpenoids
AFC000813	Acyclic triterpenoids	Terpenoids	Triterpenoids
AFC000814	Chalcones	Shikimates and Phenylpropanoids	Flavonoids
AFC000815	Chalcones	Shikimates and Phenylpropanoids	Flavonoids
AFC000816	Cinnamic acids and derivatives	Shikimates and Phenylpropanoids	Phenylpropanoids (C6-C3)
AFC000818	Fatty aldehydes	Fatty acids	Fatty acyls
AFC000819	Dicarboxylic acids	Fatty acids	Fatty Acids and Conjugates
AFC000823	Purine nucleotides	Carbohydrates	Nucleosides
AFC000825	Fatty acyl CoAs	Fatty acids	Fatty esters
AFC000826	Fatty acyl CoAs	Fatty acids	Fatty esters
AFC000827	Disaccharides	Carbohydrates	Saccharides
AFC000828
AFC000829	Fatty acyl CoAs	Fatty acids	Fatty esters
AFC000831	Dipeptides	Amino acids and Peptides	Small peptides
AFC000832	Sphingoid bases	Fatty acids	Spingolipids
AFC000833	Glucosinolates	Amino acids and Peptides	Amino acid glycosides
AFC000836	Cinnamic acids and derivatives	Shikimates and Phenylpropanoids	Phenylpropanoids (C6-C3)
AFC000837	Pyridine alkaloids;Pyrrolidine alkaloids	Alkaloids	Ornithine alkaloids;Nicotinic acid alkaloids
AFC000838	Linear diarylheptanoids	Shikimates and Phenylpropanoids	Diarylheptanoids
AFC000839	Purine alkaloids	Alkaloids	Pseudoalkaloids (transamidation)
AFC000840	Cinnamic acids and derivatives	Shikimates and Phenylpropanoids	Phenylpropanoids (C6-C3)
AFC000841	Aminoacids	Amino acids and Peptides	Small peptides
AFC000843	Thia fatty acids	Fatty acids	Fatty Acids and Conjugates
AFC000844	Apocarotenoids (Ψ-);Hydrocarbons	Fatty acids;Terpenoids	Apocarotenoids;Fatty acyls
AFC000845	Monosaccharides	Carbohydrates	Saccharides
AFC000846	Apocarotenoids (Ψ-);Hydrocarbons	Fatty acids;Terpenoids	Apocarotenoids;Fatty acyls
AFC000847	Apocarotenoids (Ψ-)	Terpenoids	Apocarotenoids
AFC000848	Cinnamic acids and derivatives	Shikimates and Phenylpropanoids	Phenylpropanoids (C6-C3)
AFC000849	Monosaccharides	Carbohydrates	Saccharides
AFC000850	Hydrocarbons	Fatty acids	Fatty acyls
AFC000851	Fatty acyl CoAs	Fatty acids	Fatty esters
AFC000852	Fatty alcohols	Fatty acids	Fatty acyls
AFC000853	Flavandiols (Leucoanthocyanidins)	Shikimates and Phenylpropanoids	Flavonoids
AFC000854	Fatty acyl CoAs	Fatty acids	Fatty esters
AFC000855	Fatty acyl CoAs	Fatty acids	Fatty esters
AFC000856	Sophorolipids	Fatty acids	Fatty acyl glycosides
AFC000857	Simple coumarins	Shikimates and Phenylpropanoids	Coumarins
AFC000858	Flavandiols (Leucoanthocyanidins)	Shikimates and Phenylpropanoids	Flavonoids
AFC000859	Oxygenated hydrocarbons	Fatty acids	Fatty acyls
AFC000861	Simple phenolic acids	Shikimates and Phenylpropanoids	Phenolic acids (C6-C1)
AFC000862	Dipeptides	Amino acids and Peptides	Small peptides
AFC000863	Oxygenated hydrocarbons	Fatty acids	Fatty acyls
AFC000864	Carotenoids (C40, β-ε)	Terpenoids	Carotenoids (C40)
AFC000865
AFC000866	Simple phenolic acids	Shikimates and Phenylpropanoids	Phenolic acids (C6-C1)
AFC000867	Fatty acyl CoAs	Fatty acids	Fatty esters
AFC000868	Polyamines	Alkaloids	Ornithine alkaloids
AFC000869	Sphingoid bases	Fatty acids	Spingolipids
AFC000870	Flavonols	Shikimates and Phenylpropanoids	Flavonoids
AFC000871	Alkaloids
AFC000872	Isoprostanes;Prostaglandins	Fatty acids	Eicosanoids
AFC000873	Cinnamic acids and derivatives	Shikimates and Phenylpropanoids	Phenylpropanoids (C6-C3)
AFC000874	Gibberellins	Terpenoids	Diterpenoids
AFC000875	Dicarboxylic acids	Fatty acids	Fatty Acids and Conjugates
AFC000876	Cinnamic acids and derivatives	Shikimates and Phenylpropanoids	Phenylpropanoids (C6-C3)
AFC000877	12-oxophytodienoic acid metabolites	Fatty acids	Octadecanoids
AFC000878	Bactoprenols	Terpenoids	Polyprenols
AFC000879	Flavonols	Shikimates and Phenylpropanoids	Flavonoids
AFC000880	Phytane diterpenoids	Terpenoids	Diterpenoids
AFC000881	Flavones	Shikimates and Phenylpropanoids	Flavonoids
AFC000882	Flavones	Shikimates and Phenylpropanoids	Flavonoids
AFC000883	Unsaturated fatty acids	Fatty acids	Fatty Acids and Conjugates
AFC000884	Gibberellins	Terpenoids	Diterpenoids
AFC000886	Dicarboxylic acids	Fatty acids	Fatty Acids and Conjugates
AFC000887	Cinnamic acids and derivatives	Shikimates and Phenylpropanoids	Phenylpropanoids (C6-C3)
AFC000888	Dicarboxylic acids	Fatty acids	Fatty Acids and Conjugates
AFC000889	Branched fatty acids	Fatty acids	Fatty Acids and Conjugates
AFC000890	Cinnamic acids and derivatives	Shikimates and Phenylpropanoids	Phenylpropanoids (C6-C3)
AFC000891	Cinnamic acids and derivatives	Shikimates and Phenylpropanoids	Phenylpropanoids (C6-C3)
AFC000892	Cinnamic acid amides	Amino acids and Peptides;Shikimates and Phenylpropanoids	Phenylpropanoids (C6-C3)
AFC000893	Fatty aldehydes	Fatty acids	Fatty acyls
AFC000894	Cinnamic acids and derivatives	Shikimates and Phenylpropanoids	Phenylpropanoids (C6-C3)
AFC000895	Cinnamic acids and derivatives	Shikimates and Phenylpropanoids	Phenylpropanoids (C6-C3)
AFC000896	Isoflavones	Shikimates and Phenylpropanoids	Isoflavonoids
AFC000897	Simple coumarins	Shikimates and Phenylpropanoids	Coumarins
AFC000898	Purine alkaloids	Alkaloids	Pseudoalkaloids (transamidation)
AFC000899	Acyclic triterpenoids	Terpenoids	Triterpenoids
AFC000900	Farnesane sesquiterpenoids	Terpenoids	Sesquiterpenoids
AFC000901	Gibberellins	Terpenoids	Diterpenoids
AFC000902	Flavones	Shikimates and Phenylpropanoids	Flavonoids
AFC000903	Bactoprenols	Terpenoids	Polyprenols
AFC000904	Bactoprenols	Terpenoids	Polyprenols
AFC000905	Flavonols	Shikimates and Phenylpropanoids	Flavonoids
AFC000906	Flavonols	Shikimates and Phenylpropanoids	Flavonoids
AFC000907	Flavones	Shikimates and Phenylpropanoids	Flavonoids
AFC000908	Carotenoids (C40, Ψ-Ψ)	Terpenoids	Carotenoids (C40)
AFC000909	Carotenoids (C40, Ψ-Ψ)	Terpenoids	Carotenoids (C40)
AFC000910	Carotenoids (C40, Ψ-Ψ)	Terpenoids	Carotenoids (C40)
AFC000911	Carotenoids (C40, β-Ψ)	Terpenoids	Carotenoids (C40)
AFC000912	Stigmastane steroids	Terpenoids	Steroids
AFC000913	Cinnamic acids and derivatives	Shikimates and Phenylpropanoids	Phenylpropanoids (C6-C3)
AFC000914	Flavonols	Shikimates and Phenylpropanoids	Flavonoids
AFC000915	Flavonols	Shikimates and Phenylpropanoids	Flavonoids
AFC000916	Prenyl quinone meroterpenoids	Terpenoids	Meroterpenoids
AFC000917	Prenyl quinone meroterpenoids	Terpenoids	Meroterpenoids
AFC000918	Flavonols	Shikimates and Phenylpropanoids	Flavonoids
AFC000919	Alkaloids
AFC000920	Labdane diterpenoids	Terpenoids	Diterpenoids
AFC000921	Carotenoids (C40, β-β)	Terpenoids	Carotenoids (C40)
AFC000922	Unsaturated fatty acids	Fatty acids	Fatty Acids and Conjugates
AFC000923	Chalcones	Shikimates and Phenylpropanoids	Flavonoids
AFC000924	Unsaturated fatty acids	Fatty acids	Fatty Acids and Conjugates
AFC000925	Unsaturated fatty acids	Fatty acids	Fatty Acids and Conjugates
AFC000926	Jasmonic acids	Fatty acids	Octadecanoids
AFC000927	Fatty alcohols	Fatty acids	Fatty acyls
AFC000928	Fatty aldehydes	Fatty acids	Fatty acyls
AFC000929	Carotenoids (C40, β-β)	Terpenoids	Carotenoids (C40)
AFC000930	Carotenoids (C40, ε-Ψ)	Terpenoids	Carotenoids (C40)
AFC000931	Carotenoids (C40, β-ε)	Terpenoids	Carotenoids (C40)
AFC000932	Carotenoids (C40, β-β)	Terpenoids	Carotenoids (C40)
AFC000933	Carotenoids (C40, ε-ε)	Terpenoids	Carotenoids (C40)
AFC000934	Carotenoids (C40, β-ε)	Terpenoids	Carotenoids (C40)
AFC000935	Carotenoids (C40, β-β)	Terpenoids	Carotenoids (C40)
AFC000936	Cucurbitane triterpenoids	Terpenoids	Triterpenoids
AFC000937	Cucurbitane triterpenoids;Lanostane, Tirucallane and Euphane triterpenoids	Terpenoids	Triterpenoids
AFC000938	Cucurbitane triterpenoids	Terpenoids	Triterpenoids
AFC000939	Stigmastane steroids	Terpenoids	Steroids
AFC000940	Cholestane steroids;Ergostane steroids	Terpenoids	Steroids
AFC000941	Stigmastane steroids	Terpenoids	Steroids
AFC000942	Farnesane sesquiterpenoids	Terpenoids	Sesquiterpenoids
AFC000943	Farnesane sesquiterpenoids	Terpenoids	Sesquiterpenoids
AFC000944	Germacrane sesquiterpenoids	Terpenoids	Sesquiterpenoids
AFC000945	Humulane sesquiterpenoids	Terpenoids	Sesquiterpenoids
AFC000946	Farnesane sesquiterpenoids	Terpenoids	Sesquiterpenoids
AFC000947	Apocarotenoids(ε-)	Terpenoids	Apocarotenoids
AFC000948	Acyclic monoterpenoids	Terpenoids	Monoterpenoids
AFC000949	Flavonols	Shikimates and Phenylpropanoids	Flavonoids
AFC000950	Flavonols	Shikimates and Phenylpropanoids	Flavonoids
AFC000951	Flavonols	Shikimates and Phenylpropanoids	Flavonoids
AFC000952	Cinnamic acids and derivatives	Shikimates and Phenylpropanoids	Phenylpropanoids (C6-C3)
AFC000953	Catechols with side chains	Polyketides	Aromatic polyketides
AFC000954	Catechols with side chains	Polyketides	Aromatic polyketides
AFC000955	N-acyl ethanolamines (endocannabinoids)	Fatty acids	Fatty amides
AFC000956	Gibberellins	Terpenoids	Diterpenoids
AFC000957	Gibberellins	Terpenoids	Diterpenoids
AFC000958	Cinnamic acids and derivatives	Shikimates and Phenylpropanoids	Phenylpropanoids (C6-C3)
AFC000959	Flavonols	Shikimates and Phenylpropanoids	Flavonoids
AFC000960	Apocarotenoids(ε-)	Terpenoids	Apocarotenoids
AFC000963	Apocarotenoids (β-)	Terpenoids	Apocarotenoids
AFC000964	Apocarotenoids(ε-)	Terpenoids	Apocarotenoids
AFC000965	Apocarotenoids (β-)	Terpenoids	Apocarotenoids
AFC000966	Apocarotenoids (β-)	Terpenoids	Apocarotenoids
AFC000967	Prenyl quinone meroterpenoids	Terpenoids	Meroterpenoids
AFC000968	Unsaturated fatty acids	Fatty acids	Fatty Acids and Conjugates
AFC000969	Unsaturated fatty acids	Fatty acids	Fatty Acids and Conjugates
AFC000970	Fatty aldehydes	Fatty acids	Fatty acyls
AFC000971	Fatty aldehydes	Fatty acids	Fatty acyls
AFC000972	Fatty aldehydes	Fatty acids	Fatty acyls
AFC000973	Fatty aldehydes	Fatty acids	Fatty acyls
AFC000974	Fatty aldehydes	Fatty acids	Fatty acyls
AFC000975	Fatty aldehydes	Fatty acids	Fatty acyls
AFC000976	Fatty aldehydes	Fatty acids	Fatty acyls
AFC000977	Fatty aldehydes	Fatty acids	Fatty acyls
AFC000978	Primary amides	Fatty acids	Fatty amides
AFC000979	Prenyl quinone meroterpenoids	Terpenoids	Meroterpenoids
AFC000981	Cholestane steroids;Ergostane steroids;Stigmastane steroids	Terpenoids	Steroids
AFC000982	Ergostane steroids;Stigmastane steroids	Terpenoids	Steroids
AFC000983	Ergostane steroids;Stigmastane steroids	Terpenoids	Steroids
AFC000985	Ergostane steroids	Terpenoids	Steroids
AFC000987	Purine alkaloids	Alkaloids	Pseudoalkaloids (transamidation)
AFC000989	Cyclitols	Carbohydrates	Polyols
AFC000991	Fatty alcohols;Hydroxy fatty acids	Fatty acids	Fatty Acids and Conjugates;Fatty acyls
AFC000992	Fatty acids
AFC000993	Monosaccharides	Carbohydrates	Saccharides
AFC000995	Oxo fatty acids;Unsaturated fatty acids	Fatty acids	Fatty Acids and Conjugates
AFC000996	Cinnamic acids and derivatives	Shikimates and Phenylpropanoids	Phenylpropanoids (C6-C3)
AFC000997	Cinnamic acid amides	Amino acids and Peptides;Shikimates and Phenylpropanoids	Phenylpropanoids (C6-C3)
AFC000998	Acorane sesquiterpenoids	Terpenoids	Sesquiterpenoids
AFC000999
AFC001000	Fatty alcohols	Fatty acids	Fatty acyls
AFC001001	Simple coumarins	Shikimates and Phenylpropanoids	Coumarins
AFC001002	Fatty alcohols	Fatty acids	Fatty acyls
AFC001005	Stigmastane steroids	Terpenoids	Steroids
AFC001006	Acyl phloroglucinols	Polyketides	Phloroglucinols
AFC001007	Apocarotenoids (β-)	Terpenoids	Apocarotenoids
AFC001008	Fatty aldehydes	Fatty acids	Fatty acyls
AFC001009	Flavonols	Shikimates and Phenylpropanoids	Flavonoids
AFC001010	Caryophyllane sesquiterpenoids	Terpenoids	Sesquiterpenoids
AFC001017	Fatty alcohols	Fatty acids	Fatty acyls
AFC001019	Fatty aldehydes	Fatty acids	Fatty acyls
AFC001020	Fatty alcohols	Fatty acids	Fatty acyls
AFC001022	Fatty alcohols	Fatty acids	Fatty acyls
AFC001023	Fatty aldehydes	Fatty acids	Fatty acyls
AFC001024	Fatty alcohols	Fatty acids	Fatty acyls
AFC001026	Fatty alcohols	Fatty acids	Fatty acyls
AFC001027	Fatty alcohols	Fatty acids	Fatty acyls
AFC001028	Oxygenated hydrocarbons	Fatty acids	Fatty acyls
AFC001029	Acyclic triterpenoids	Terpenoids	Triterpenoids
AFC001030	Branched fatty acids;Unsaturated fatty acids	Fatty acids	Fatty Acids and Conjugates
AFC001031	Acyclic triterpenoids	Terpenoids	Triterpenoids
AFC001033	Jasmonic acids;Prenyl quinone meroterpenoids	Fatty acids;Terpenoids	Octadecanoids;Meroterpenoids
AFC001034	Fatty acids
AFC001035	Simple indole alkaloids	Alkaloids	Tryptophan alkaloids
AFC001036	Prenyl quinone meroterpenoids	Terpenoids	Meroterpenoids
AFC001037	Cinnamic acid amides	Amino acids and Peptides;Shikimates and Phenylpropanoids	Phenylpropanoids (C6-C3)
AFC001038	Apocarotenoids(ε-)	Terpenoids	Apocarotenoids
AFC001039
AFC001040	Gibberellins	Terpenoids	Diterpenoids
AFC001041	Alkaloids
AFC001043	Cholestane steroids	Terpenoids	Steroids
AFC001047
AFC001049	Gibberellins	Terpenoids	Diterpenoids
AFC001050	Purine nucleotides;Pyrimidine nucleotides	Carbohydrates	Nucleosides
AFC001051
AFC001052	Purine alkaloids	Alkaloids	Pseudoalkaloids (transamidation)
AFC001053
AFC001054	Monosaccharides	Carbohydrates	Saccharides
AFC001055	Dipeptides	Amino acids and Peptides	Small peptides
AFC001056	Gibberellins	Terpenoids	Diterpenoids
AFC001057
AFC001058	Amino acids and Peptides
AFC001059
AFC001060	Fatty aldehydes	Fatty acids	Fatty acyls
AFC001061	Gibberellins	Terpenoids	Diterpenoids
AFC001062	Hydrocarbons	Fatty acids	Fatty acyls
AFC001063	Hydrocarbons	Fatty acids	Fatty acyls
AFC001065
AFC001066	Fatty acids
AFC001067	Fatty acyl CoAs	Fatty acids	Fatty esters
AFC001069	Branched fatty acids;Dicarboxylic acids;Oxo fatty acids	Fatty acids	Fatty Acids and Conjugates
AFC001072	Flavonols	Shikimates and Phenylpropanoids	Flavonoids
AFC001073	Monosaccharides	Carbohydrates	Saccharides
AFC001074	Flavonols	Shikimates and Phenylpropanoids	Flavonoids
AFC001075	Terpenoids	Sesquiterpenoids
AFC001076	Fatty acyl CoAs	Fatty acids	Fatty esters
AFC001077	Fatty acyl CoAs	Fatty acids	Fatty esters
AFC001079	Glycerophosphoglycerophosphoglycerols	Fatty acids	Glycerophospholipids
AFC001080	Cucurbitane triterpenoids	Terpenoids	Triterpenoids
AFC001081	Iridoids monoterpenoids	Terpenoids	Monoterpenoids
AFC001083	Aminoacids	Amino acids and Peptides	Small peptides
AFC001085	Oxygenated hydrocarbons	Fatty acids	Fatty acyls
AFC001087	Monosaccharides	Carbohydrates	Saccharides
AFC001091	Oxygenated hydrocarbons	Fatty acids	Fatty acyls
AFC001092	Fatty aldehydes	Fatty acids	Fatty acyls
AFC001093	Fatty aldehydes	Fatty acids	Fatty acyls
AFC001094	Fatty alcohols	Fatty acids	Fatty acyls
AFC001095	Carotenoids (C40, Ψ-Ψ)	Terpenoids	Carotenoids (C40)
AFC001096	Fatty acyl CoAs	Fatty acids	Fatty esters
AFC001098	Iridoids monoterpenoids	Terpenoids	Monoterpenoids
AFC001099	Purine alkaloids;Purine nucleosides	Alkaloids;Carbohydrates	Pseudoalkaloids (transamidation);Nucleosides
AFC001101	Alkaloids
AFC001102	Cinnamic acids and derivatives	Shikimates and Phenylpropanoids	Phenylpropanoids (C6-C3)
AFC001103	Prenyl quinone meroterpenoids	Terpenoids	Meroterpenoids
AFC001104	Acyl phloroglucinols;Polyprenylated cyclic polyketides (Hop meroterpenoids);Prenylated,geranylated phloroglucinols	Polyketides	Meroterpenoids;Phloroglucinols
AFC001105	Cholestane steroids	Terpenoids	Steroids
AFC001107	Chalcones	Shikimates and Phenylpropanoids	Flavonoids
AFC001108	Monosaccharides	Carbohydrates	Saccharides
AFC001109	Stigmastane steroids	Terpenoids	Steroids
AFC001110	Aminosugars	Carbohydrates	Aminosugars and aminoglycosides
AFC001112	Fatty acids
AFC001113
AFC001115	Prenyl quinone meroterpenoids	Terpenoids	Meroterpenoids
AFC001116	Elemane sesquiterpenoids	Terpenoids	Sesquiterpenoids
AFC001118	Flavanones	Shikimates and Phenylpropanoids	Flavonoids
AFC001120	Oxo fatty acids;Oxygenated hydrocarbons	Fatty acids	Fatty Acids and Conjugates;Fatty acyls
AFC001122	Fatty acids
AFC001125	Jasmonic acids	Fatty acids	Octadecanoids
AFC001126	Fatty acyl CoAs	Fatty acids	Fatty esters
AFC001127	Fatty acyl CoAs	Fatty acids	Fatty esters
AFC001128	Fatty acyl CoAs	Fatty acids	Fatty esters
AFC001129	Fatty acyl CoAs	Fatty acids	Fatty esters
AFC001130
AFC001131	Fatty aldehydes	Fatty acids	Fatty acyls
AFC001133	Fatty acyl CoAs	Fatty acids	Fatty esters
AFC001134	Fatty acids
AFC001135	Ergostane steroids;Stigmastane steroids	Terpenoids	Steroids
AFC001136
AFC001138	Oxo fatty acids	Fatty acids	Fatty Acids and Conjugates
AFC001139	Aminosugars	Carbohydrates	Aminosugars and aminoglycosides
AFC001140	Cinnamic acids and derivatives	Shikimates and Phenylpropanoids	Phenylpropanoids (C6-C3)
AFC001141	Oleanane triterpenoids	Terpenoids	Triterpenoids
AFC001142	Aminoacids	Amino acids and Peptides	Small peptides
AFC001143	Cholestane steroids	Terpenoids	Steroids
AFC001145	Cinnamic acids and derivatives	Shikimates and Phenylpropanoids	Phenylpropanoids (C6-C3)
AFC001146	Bisabolane sesquiterpenoids	Terpenoids	Sesquiterpenoids
AFC001148	Cinnamic acids and derivatives	Shikimates and Phenylpropanoids	Phenylpropanoids (C6-C3)
AFC001149
AFC001150	Chalcones	Shikimates and Phenylpropanoids	Flavonoids
AFC001151	Fatty acids
AFC001152	Carboline alkaloids	Alkaloids	Tryptophan alkaloids
AFC001153	Disaccharides	Carbohydrates	Saccharides
AFC001154	Gibberellins	Terpenoids	Diterpenoids
AFC001155	Ergostane steroids	Terpenoids	Steroids
AFC001156	Carotenoids (C40, Ψ-Ψ)	Terpenoids	Carotenoids (C40)
AFC001157	Purine nucleotides;Pyrimidine nucleotides	Carbohydrates	Nucleosides
AFC001158	Fatty aldehydes	Fatty acids	Fatty acyls
AFC001159	Cuparane sesquiterpenoids	Terpenoids	Sesquiterpenoids
AFC001160	Ergostane steroids	Terpenoids	Steroids
AFC001161	Bisabolane sesquiterpenoids	Terpenoids	Sesquiterpenoids
AFC001162	Monosaccharides	Carbohydrates	Saccharides
AFC001163	Thujopsane sesquiterpenoids	Terpenoids	Sesquiterpenoids
AFC001164	Fatty aldehydes	Fatty acids	Fatty acyls
AFC001165	Purine nucleotides	Carbohydrates	Nucleosides
AFC001166	Prenyl quinone meroterpenoids	Terpenoids	Meroterpenoids
AFC001167	Carbohydrates	Saccharides
AFC001171	Multiflorane triterpenoids	Terpenoids	Triterpenoids
AFC001172	Monosaccharides	Carbohydrates	Saccharides
AFC001174	Iridoids monoterpenoids	Terpenoids	Monoterpenoids
AFC001175	Linear sesterterpenoids;Prenyl quinone meroterpenoids	Terpenoids	Sesterterpenoids;Meroterpenoids
AFC001176	Alkaloids
AFC001177	Kaurane and Phyllocladane diterpenoids;Podocarpane diterpenoids	Terpenoids	Diterpenoids
AFC001178	Fatty acyl CoAs	Fatty acids	Fatty esters
AFC001179	Fatty acyl CoAs	Fatty acids	Fatty esters
AFC001180	Fatty acyl CoAs	Fatty acids	Fatty esters
AFC001181	Fatty acyl CoAs	Fatty acids	Fatty esters
AFC001182	Fatty acyl CoAs	Fatty acids	Fatty esters
AFC001183	Fatty acyl CoAs	Fatty acids	Fatty esters
AFC001185	Aminosugars	Carbohydrates	Aminosugars and aminoglycosides
AFC001186	Fatty acyl CoAs	Fatty acids	Fatty esters
AFC001187	Fatty acyl CoAs	Fatty acids	Fatty esters
AFC001188	Fatty acyl CoAs	Fatty acids	Fatty esters
AFC001189	Simple phenolic acids	Shikimates and Phenylpropanoids	Phenolic acids (C6-C1)
AFC001190	Carbohydrates
AFC001191	Purine nucleotides;Pyrimidine nucleotides	Carbohydrates	Nucleosides
AFC001192	Cholestane steroids	Terpenoids	Steroids
AFC001193	Prenyl quinone meroterpenoids	Terpenoids	Meroterpenoids
AFC001194	Bisabolane sesquiterpenoids	Terpenoids	Sesquiterpenoids
AFC001195	Chamigrane sesquiterpenoids	Terpenoids	Sesquiterpenoids
AFC001196	Cuparane sesquiterpenoids	Terpenoids	Sesquiterpenoids
AFC001198	Kaurane and Phyllocladane diterpenoids	Terpenoids	Diterpenoids
AFC001199	Bisabolane sesquiterpenoids	Terpenoids	Sesquiterpenoids
AFC001200	Fatty alcohols	Fatty acids	Fatty acyls
AFC001202	Stigmastane steroids	Terpenoids	Steroids
AFC001203	Acyl phloroglucinols;Prenylated,geranylated phloroglucinols	Polyketides	Phloroglucinols
AFC001204	Polysaccharides	Carbohydrates	Saccharides
AFC001205	Simple indole alkaloids	Alkaloids	Tryptophan alkaloids
AFC001206
AFC001207	Oleanane triterpenoids	Terpenoids	Triterpenoids
AFC001208	Oleanane triterpenoids	Terpenoids	Triterpenoids
AFC001209	Cholestane steroids;Ergostane steroids	Terpenoids	Steroids
AFC001210	Phenylethanoids	Shikimates and Phenylpropanoids	Phenylethanoids (C6-C2)
AFC001211	Fatty aldehydes	Fatty acids	Fatty acyls
AFC001212	Polysaccharides	Carbohydrates	Saccharides
AFC001213	Unsaturated fatty acids	Fatty acids	Fatty Acids and Conjugates
AFC001216	Gymnomitrane sesquiterpenoids	Terpenoids	Sesquiterpenoids
AFC001217	Hydroxy fatty acids	Fatty acids	Fatty Acids and Conjugates
AFC001218	Alkaloids	Tryptophan alkaloids
AFC001219	Gymnomitrane sesquiterpenoids	Terpenoids	Sesquiterpenoids
AFC001220	Oleanane triterpenoids	Terpenoids	Triterpenoids
AFC001221	Glucosinolates	Amino acids and Peptides	Amino acid glycosides
AFC001222	Gibberellins	Terpenoids	Diterpenoids
AFC001223
AFC001225	Phytane diterpenoids	Terpenoids	Diterpenoids
AFC001226	Gibberellins	Terpenoids	Diterpenoids
AFC001227	Ergostane steroids	Terpenoids	Steroids
AFC001228	Cuparane sesquiterpenoids	Terpenoids	Sesquiterpenoids
AFC001229	Gibberellins	Terpenoids	Diterpenoids
AFC001230	Monosaccharides	Carbohydrates	Saccharides
AFC001231	Shikimates and Phenylpropanoids
AFC001233	Lanostane, Tirucallane and Euphane triterpenoids	Terpenoids	Triterpenoids
AFC001234	Lanostane, Tirucallane and Euphane triterpenoids	Terpenoids	Triterpenoids
AFC001235	Multiflorane triterpenoids	Terpenoids	Triterpenoids
AFC001236	Alkaloids
AFC001237	Monosaccharides	Carbohydrates	Saccharides
AFC001238	Terpenoids
AFC001239	Farnesane sesquiterpenoids	Terpenoids	Sesquiterpenoids
AFC001241	Disaccharides	Carbohydrates	Saccharides
AFC001242	Disaccharides	Carbohydrates	Saccharides
AFC001243	Purine nucleotides;Pyrimidine nucleotides	Carbohydrates	Nucleosides
AFC001246	Aminosugars	Carbohydrates	Aminosugars and aminoglycosides
AFC001248	Fatty alcohols	Fatty acids	Fatty acyls
AFC001249	Fatty alcohols	Fatty acids	Fatty acyls
AFC001250	Aminosugars	Carbohydrates	Aminosugars and aminoglycosides
AFC001251	Oxygenated hydrocarbons	Fatty acids	Fatty acyls
AFC001253	Other Octadecanoids	Fatty acids	Octadecanoids
AFC001254	Cyclitols	Carbohydrates	Polyols
AFC001255	Lanostane, Tirucallane and Euphane triterpenoids	Terpenoids	Triterpenoids
AFC001256	Monosaccharides	Carbohydrates	Saccharides
AFC001257	Monosaccharides	Carbohydrates	Saccharides
AFC001258	Monosaccharides	Carbohydrates	Saccharides
AFC001259
AFC001260	Cycloartane triterpenoids;Ergostane steroids	Terpenoids	Triterpenoids;Steroids
AFC001261	Fatty acids
AFC001262	Monosaccharides	Carbohydrates	Saccharides
AFC001263	Carbohydrates
AFC001264	Fatty alcohols	Fatty acids	Fatty acyls
AFC001265	Hydrocarbons	Fatty acids	Fatty acyls
AFC001266	Fatty acids
AFC001267	Cholestane steroids	Terpenoids	Steroids
AFC001268	Lanostane, Tirucallane and Euphane triterpenoids	Terpenoids	Triterpenoids
AFC001269	Lanostane, Tirucallane and Euphane triterpenoids	Terpenoids	Triterpenoids
AFC001270	Lanostane, Tirucallane and Euphane triterpenoids	Terpenoids	Triterpenoids
AFC001271	Cholestane steroids	Terpenoids	Steroids
AFC001272	Cholestane steroids;Lanostane, Tirucallane and Euphane triterpenoids	Terpenoids	Triterpenoids;Steroids
AFC001273	Cholestane steroids	Terpenoids	Steroids
AFC001274	Cholestane steroids	Terpenoids	Steroids
AFC001275	Cholestane steroids	Terpenoids	Steroids
AFC001277
AFC001278	Aminoacids	Amino acids and Peptides	Small peptides
AFC001279	Carbohydrates
AFC001280	Aminoacids	Amino acids and Peptides	Small peptides
AFC001281	Aminoacids;Dipeptides	Amino acids and Peptides	Small peptides
AFC001282	Alkaloids
AFC001283	Stigmastane steroids	Terpenoids	Steroids
AFC001285	Isoflavanones	Shikimates and Phenylpropanoids	Isoflavonoids
AFC001286	Fatty acyl CoAs	Fatty acids	Fatty esters
AFC001287	Fatty acyl CoAs	Fatty acids	Fatty esters
AFC001288	Fatty acyl CoAs	Fatty acids	Fatty esters
AFC001290	Purine alkaloids	Alkaloids	Pseudoalkaloids (transamidation)
AFC001292
AFC001294	Apocarotenoids(ε-)	Terpenoids	Apocarotenoids
AFC001295
AFC001296	Purine nucleotides	Carbohydrates	Nucleosides
AFC001297	Purine nucleotides	Carbohydrates	Nucleosides
AFC001298	Prenyl quinone meroterpenoids	Terpenoids	Meroterpenoids
AFC001299	Kaurane and Phyllocladane diterpenoids	Terpenoids	Diterpenoids
AFC001302	Kaurane and Phyllocladane diterpenoids	Terpenoids	Diterpenoids
AFC001303	Quinoline alkaloids	Alkaloids	Anthranilic acid alkaloids
AFC001304	Gibberellins	Terpenoids	Diterpenoids
AFC001305	Pyrimidine nucleotides	Carbohydrates	Nucleosides
AFC001306	Cyclitols	Carbohydrates	Polyols
AFC001307	Aminoacids;Dipeptides	Amino acids and Peptides	Small peptides
AFC001308	Gibberellins	Terpenoids	Diterpenoids
AFC001309	Purine nucleosides;Purine nucleotides	Carbohydrates	Nucleosides
AFC001310
AFC001311	Gibberellins	Terpenoids	Diterpenoids
AFC001313	Purine nucleosides	Carbohydrates	Nucleosides
AFC001315	Purine nucleosides	Carbohydrates	Nucleosides
AFC001316	Isoflavanones	Shikimates and Phenylpropanoids	Isoflavonoids
AFC001318	Purine alkaloids	Alkaloids	Pseudoalkaloids (transamidation)
AFC001319	Cuparane sesquiterpenoids	Terpenoids	Sesquiterpenoids
AFC001320	Prenylated,geranylated phloroglucinols	Polyketides	Phloroglucinols
AFC001321	Gibberellins	Terpenoids	Diterpenoids
AFC001323	Prenylated,geranylated phloroglucinols	Polyketides	Phloroglucinols
AFC001324	Purine nucleosides;Purine nucleotides	Carbohydrates	Nucleosides
AFC001325	Gibberellins	Terpenoids	Diterpenoids
AFC001326	Gibberellins	Terpenoids	Diterpenoids
AFC001327	12-oxophytodienoic acid metabolites	Fatty acids	Octadecanoids
AFC001328	Cyclitols	Carbohydrates	Polyols
AFC001329	Fatty acyl CoAs	Fatty acids	Fatty esters
AFC001331	Carbohydrates
AFC001333	Monosaccharides	Carbohydrates	Saccharides
AFC001334
AFC001335	Fatty acids	Spingolipids
AFC001336	Cinnamic acids and derivatives	Shikimates and Phenylpropanoids	Phenylpropanoids (C6-C3)
AFC001337	Fatty acids	Octadecanoids
AFC001342	Dihydroflavonols	Shikimates and Phenylpropanoids	Flavonoids
AFC001343	Aminosugars	Carbohydrates	Aminosugars and aminoglycosides
AFC001344	Fatty acids
AFC001345	Cinnamic acid amides	Amino acids and Peptides;Shikimates and Phenylpropanoids	Phenylpropanoids (C6-C3)
AFC001346	Phytane diterpenoids	Terpenoids	Diterpenoids
AFC001347	Cinnamic acids and derivatives	Shikimates and Phenylpropanoids	Phenylpropanoids (C6-C3)
AFC001348	Fatty acyl CoAs	Fatty acids	Fatty esters
AFC001349	Carbohydrates
AFC001350	Apocarotenoids(ε-)	Terpenoids	Apocarotenoids
AFC001351	Bactoprenols	Terpenoids	Polyprenols
AFC001352	Cyclitols	Carbohydrates	Polyols
AFC001354	Gibberellins	Terpenoids	Diterpenoids
AFC001355
AFC001356	Alkaloids
AFC001357	Purine nucleotides	Carbohydrates	Nucleosides
AFC001358
AFC001359	Fatty acids
AFC001360
AFC001361	Sophorolipids	Fatty acids	Fatty acyl glycosides
AFC001362	Fatty acids
AFC001363	Fatty acids
AFC001365	Fatty acids	Spingolipids
AFC001369	Cinnamic acids and derivatives	Shikimates and Phenylpropanoids	Phenylpropanoids (C6-C3)
AFC001370	Cholestane steroids	Terpenoids	Steroids
AFC001371	Purine nucleotides	Carbohydrates	Nucleosides
AFC001375	Fatty acyl CoAs	Fatty acids	Fatty esters
AFC001377	Alkaloids;Terpenoids
AFC001378	Monosaccharides	Carbohydrates	Saccharides
AFC001379	Alkaloids;Terpenoids
AFC001380	Kaurane and Phyllocladane diterpenoids	Terpenoids	Diterpenoids
AFC001382	Cholestane steroids	Terpenoids	Steroids
AFC001383	Cholestane steroids	Terpenoids	Steroids
AFC001384	Cholestane steroids	Terpenoids	Steroids
AFC001385	Cholestane steroids	Terpenoids	Steroids
AFC001386	Cholestane steroids	Terpenoids	Steroids
AFC001387	Cholestane steroids	Terpenoids	Steroids
AFC001388	Cholestane steroids	Terpenoids	Steroids
AFC001391	12-oxophytodienoic acid metabolites	Fatty acids	Octadecanoids
AFC001393	Carbohydrates
AFC001394	Fatty acyl CoAs	Fatty acids	Fatty esters
AFC001395
AFC001396	Prenyl quinone meroterpenoids	Terpenoids	Meroterpenoids
AFC001397	Prenyl quinone meroterpenoids	Terpenoids	Meroterpenoids
AFC001398	Prenyl quinone meroterpenoids	Terpenoids	Meroterpenoids
AFC001401	Fatty acids
AFC001403	Fatty acyl CoAs	Fatty acids	Fatty esters
AFC001405	Apocarotenoids(ε-)	Terpenoids	Apocarotenoids
AFC001406	Fatty acids	Fatty acyls
AFC001408	Monosaccharides	Carbohydrates	Saccharides
AFC001409	Monosaccharides	Carbohydrates	Saccharides
AFC001410	Simple indole alkaloids	Alkaloids	Tryptophan alkaloids
AFC001411	Glycerophosphocholines	Fatty acids	Glycerophospholipids
AFC001412	Carbohydrates
AFC001413	Alkaloids
AFC001414	Bactoprenols	Terpenoids	Polyprenols
AFC001415	Prenyl quinone meroterpenoids	Terpenoids	Meroterpenoids
AFC001417	Farnesane sesquiterpenoids	Terpenoids	Sesquiterpenoids
AFC001418
AFC001419	Imidazole alkaloids	Alkaloids	Histidine alkaloids
AFC001420	Dipeptides	Amino acids and Peptides	Small peptides
AFC001421	Cinnamic acids and derivatives	Shikimates and Phenylpropanoids	Phenylpropanoids (C6-C3)
AFC001423	Prenyl quinone meroterpenoids	Terpenoids	Meroterpenoids
AFC001424	Humulane sesquiterpenoids	Terpenoids	Sesquiterpenoids
AFC001426	Apocarotenoids (Ψ-)	Terpenoids	Apocarotenoids
AFC001427	Catechols with side chains	Polyketides	Aromatic polyketides
AFC001428	Apocarotenoids (Ψ-)	Terpenoids	Apocarotenoids
AFC001429	Prenyl quinone meroterpenoids	Terpenoids	Meroterpenoids
AFC001430	Prenyl quinone meroterpenoids	Terpenoids	Meroterpenoids
AFC001433	Other Octadecanoids	Fatty acids	Octadecanoids
AFC001434	Fatty alcohols;Other Octadecanoids	Fatty acids	Octadecanoids;Fatty acyls
AFC001435	Oxygenated hydrocarbons	Fatty acids	Fatty acyls
AFC001436	Oxygenated hydrocarbons	Fatty acids	Fatty acyls
AFC001437	Fatty alcohols	Fatty acids	Fatty acyls
AFC001438	Fatty aldehydes	Fatty acids	Fatty acyls
AFC001439	Fatty alcohols	Fatty acids	Fatty acyls
AFC001440	Fatty alcohols	Fatty acids	Fatty acyls
AFC001441	Cycloartane triterpenoids	Terpenoids	Triterpenoids
AFC001443	Fatty acyl CoAs	Fatty acids	Fatty esters
AFC001444	Aminosugars;Purine nucleotides;Pyrimidine nucleotides	Carbohydrates	Aminosugars and aminoglycosides;Nucleosides
AFC001445	Monosaccharides	Carbohydrates	Saccharides
AFC001447	Simple phenolic acids	Shikimates and Phenylpropanoids	Phenolic acids (C6-C1)
AFC001448	Cinnamic acids and derivatives	Shikimates and Phenylpropanoids	Phenylpropanoids (C6-C3)
AFC001450	Prenyl quinone meroterpenoids	Terpenoids	Meroterpenoids
AFC001451	Prenyl quinone meroterpenoids	Terpenoids	Meroterpenoids
AFC001453	Prenyl quinone meroterpenoids	Terpenoids	Meroterpenoids
AFC001454	Prenyl quinone meroterpenoids	Terpenoids	Meroterpenoids
AFC001455	Prenyl quinone meroterpenoids	Terpenoids	Meroterpenoids
AFC001456	Prenyl quinone meroterpenoids	Terpenoids	Meroterpenoids
AFC001457	Cinnamic acids and derivatives	Shikimates and Phenylpropanoids	Phenylpropanoids (C6-C3)
AFC001458	Amino acids and Peptides
AFC001460
AFC001461	Hydrocarbons	Fatty acids	Fatty acyls
AFC001462
AFC001463	Alkaloids
AFC001464	Fatty acyl CoAs	Fatty acids	Fatty esters
AFC001465	Multiflorane triterpenoids	Terpenoids	Triterpenoids
AFC001466
AFC001467	Sphingoid bases	Fatty acids	Spingolipids
AFC001468	Purine alkaloids	Alkaloids;Carbohydrates	Pseudoalkaloids (transamidation)
AFC001469	Prenyl quinone meroterpenoids	Terpenoids	Meroterpenoids
AFC001470	Prenyl quinone meroterpenoids	Terpenoids	Meroterpenoids
AFC001471	Cholestane steroids;Stigmastane steroids	Terpenoids	Steroids
AFC001473	Gibberellins;Norkaurane diterpenoids	Terpenoids	Diterpenoids
AFC001474	Fatty acyl CoAs	Fatty acids	Fatty esters
AFC001475
AFC001476	Fatty alcohols	Fatty acids	Fatty acyls
AFC001478	Prenyl quinone meroterpenoids	Terpenoids	Meroterpenoids
AFC001479	Aminoacids	Amino acids and Peptides	Small peptides
AFC001480	Fatty alcohols	Fatty acids	Fatty acyls
AFC001482	Amino cyclitols;Aminosugars	Carbohydrates	Polyols;Aminosugars and aminoglycosides
AFC001483	Beyerane diterpenoids;Kaurane and Phyllocladane diterpenoids;Norkaurane diterpenoids	Terpenoids	Diterpenoids
AFC001484	Monosaccharides	Carbohydrates	Saccharides
AFC001485	Kaurane and Phyllocladane diterpenoids;Norkaurane diterpenoids	Terpenoids	Diterpenoids
AFC001486	Fatty acids
AFC001487	Kaurane and Phyllocladane diterpenoids	Terpenoids	Diterpenoids
AFC001488	Fatty aldehydes	Fatty acids	Fatty acyls
AFC001489
AFC001490	Monosaccharides	Carbohydrates	Saccharides
AFC001491	Fatty acyl CoAs	Fatty acids	Fatty esters
AFC001492	Humulane sesquiterpenoids	Terpenoids	Sesquiterpenoids
AFC001493	Fatty acyl CoAs	Fatty acids	Fatty esters
AFC001494	Fatty acyl CoAs	Fatty acids	Fatty esters
AFC001496	Kaurane and Phyllocladane diterpenoids	Terpenoids	Diterpenoids
AFC001497	Carbohydrates
AFC001498	Bicyclogermacrane sesquiterpenoids	Terpenoids	Sesquiterpenoids
AFC001499	Kaurane and Phyllocladane diterpenoids	Terpenoids	Diterpenoids
AFC001500	Carbohydrates
AFC001501
AFC001502	Simple phenolic acids	Shikimates and Phenylpropanoids	Phenolic acids (C6-C1)
AFC001503	Ergostane steroids	Terpenoids	Steroids
AFC001504	Catechols with side chains	Polyketides	Aromatic polyketides
AFC001505	Cholestane steroids	Terpenoids	Steroids
AFC001506	Catechols with side chains	Polyketides	Aromatic polyketides
AFC001508	Fatty acyl CoAs	Fatty acids	Fatty esters
AFC001510	Dihydroflavonols	Shikimates and Phenylpropanoids	Flavonoids
AFC001511	Carotenoids (C40, β-β)	Terpenoids	Carotenoids (C40)
AFC001512	Dihydroflavonols	Shikimates and Phenylpropanoids	Flavonoids
AFC001513	Chamigrane sesquiterpenoids	Terpenoids	Sesquiterpenoids
AFC001514	Pyrimidine nucleotides	Carbohydrates	Nucleosides
AFC001515	Gibberellins	Terpenoids	Diterpenoids
AFC001516	Flavones	Shikimates and Phenylpropanoids	Flavonoids
AFC001517	Stigmastane steroids	Terpenoids	Steroids
AFC001518	Ergostane steroids;Stigmastane steroids	Terpenoids	Steroids
AFC001519	Ergostane steroids	Terpenoids	Steroids
AFC001520	Stigmastane steroids	Terpenoids	Steroids
AFC001522	Ergostane steroids;Stigmastane steroids	Terpenoids	Steroids
AFC001523	Stigmastane steroids	Terpenoids	Steroids
AFC001524	Ergostane steroids	Terpenoids	Steroids
AFC001525	Fatty acyl CoAs	Fatty acids	Fatty esters
AFC001526	Terpenoids
AFC001527	Fatty acyl CoAs	Fatty acids	Fatty esters
AFC001528	Fatty acyl CoAs	Fatty acids	Fatty esters
AFC001529	Fatty acyl CoAs	Fatty acids	Fatty esters
AFC001530	Fatty acyl CoAs	Fatty acids	Fatty esters
AFC001531	Fatty acyl CoAs	Fatty acids	Fatty esters
AFC001532	Fatty acyl CoAs	Fatty acids	Fatty esters
AFC001533	Fatty acyl CoAs	Fatty acids	Fatty esters
AFC001534	Fatty acyl CoAs	Fatty acids	Fatty esters
AFC001535	Fatty acyl CoAs	Fatty acids	Fatty esters
AFC001536	Fatty acyl CoAs	Fatty acids	Fatty esters
AFC001537	Fatty acyl CoAs	Fatty acids	Fatty esters
AFC001538	Unsaturated fatty acids	Fatty acids	Fatty Acids and Conjugates
AFC001540	Cinnamic acids and derivatives	Shikimates and Phenylpropanoids	Phenylpropanoids (C6-C3)
AFC001541	Stigmastane steroids	Terpenoids	Steroids
AFC001542	Flavanones	Shikimates and Phenylpropanoids	Flavonoids
AFC001543	Humulane sesquiterpenoids	Terpenoids	Sesquiterpenoids
AFC001544	Bicyclogermacrane sesquiterpenoids	Terpenoids	Sesquiterpenoids
AFC001545	Bicyclogermacrane sesquiterpenoids	Terpenoids	Sesquiterpenoids
AFC001546	Oleanane triterpenoids	Terpenoids	Triterpenoids
AFC001547
AFC001548	Alkaloids
AFC001549	Alkaloids
AFC001550	Purine nucleotides	Carbohydrates	Nucleosides
AFC001551	Imidazole alkaloids	Alkaloids	Histidine alkaloids
AFC001552	Purine nucleotides	Carbohydrates	Nucleosides
AFC001553	Alkaloids;Amino acids and Peptides
AFC001554	Amino acids and Peptides
AFC001555	Purine nucleotides	Carbohydrates	Nucleosides
AFC001556	Purine nucleosides	Carbohydrates	Nucleosides
AFC001557	Purine nucleotides	Carbohydrates	Nucleosides
AFC001558	Purine nucleotides	Carbohydrates	Nucleosides
AFC001559	Dipeptides	Amino acids and Peptides	Small peptides
AFC001560	Imidazole alkaloids	Alkaloids	Histidine alkaloids
AFC001561	Purine nucleotides	Carbohydrates	Nucleosides
AFC001562	Imidazole alkaloids	Alkaloids	Histidine alkaloids
AFC001564	Purine nucleosides;Purine nucleotides	Carbohydrates	Nucleosides
AFC001565	Purine nucleosides;Purine nucleotides	Carbohydrates	Nucleosides
AFC001567	Purine nucleosides;Purine nucleotides	Carbohydrates	Nucleosides
AFC001570	Purine alkaloids	Alkaloids	Pseudoalkaloids (transamidation)
AFC001571	Purine nucleosides	Carbohydrates	Nucleosides
AFC001572	Purine alkaloids	Alkaloids	Pseudoalkaloids (transamidation)
AFC001573	Purine nucleotides	Carbohydrates	Nucleosides
AFC001574	Purine nucleosides	Carbohydrates	Nucleosides
AFC001575	Purine nucleotides	Carbohydrates	Nucleosides
AFC001576	Alkaloids
AFC001577	Purine nucleosides;Purine nucleotides	Carbohydrates	Nucleosides
AFC001579	Alkaloids
AFC001580	Imidazole alkaloids	Alkaloids	Histidine alkaloids
AFC001581	Alkaloids
AFC001582	Terpenoids
AFC001583	Purine nucleotides	Carbohydrates	Nucleosides
AFC001584	Imidazole alkaloids	Alkaloids	Histidine alkaloids
AFC001585	Alkaloids;Amino acids and Peptides
AFC001586	Purine nucleosides	Carbohydrates	Nucleosides
AFC001587	Alkaloids
AFC001588	Alkaloids;Amino acids and Peptides
AFC001589	Purine nucleotides	Carbohydrates	Nucleosides
AFC001590	Alkaloids;Amino acids and Peptides
AFC001591	Alkaloids
AFC001594	Purine nucleosides	Carbohydrates	Nucleosides
AFC001595	Imidazole alkaloids	Alkaloids	Histidine alkaloids
AFC001596	Alkaloids
AFC001597	Alkaloids
AFC001598	Purine nucleotides	Carbohydrates	Nucleosides
AFC001599	Purine nucleotides	Carbohydrates	Nucleosides
AFC001600	Cycloartane triterpenoids	Terpenoids	Triterpenoids
AFC001601	Cycloartane triterpenoids	Terpenoids	Triterpenoids
AFC001602	Apocarotenoids(ε-)	Terpenoids	Apocarotenoids
AFC001603	Stigmastane steroids	Terpenoids	Steroids
AFC001606
AFC001609	Hydrocarbons	Fatty acids	Fatty acyls
AFC001610	Pyridine alkaloids	Alkaloids	Nicotinic acid alkaloids
AFC001611	Pyridine alkaloids;Pyrrole alkaloids	Alkaloids	Proline alkaloids;Nicotinic acid alkaloids
AFC001613	Oxygenated hydrocarbons	Fatty acids	Fatty acyls
AFC001614	Fatty acids
AFC001615	Fatty acids
AFC001617	Fatty acids
AFC001618	Fatty acids
AFC001619	Fatty alcohols	Fatty acids	Fatty acyls
AFC001620	Fatty alcohols	Fatty acids	Fatty acyls
AFC001621	Prenyl quinone meroterpenoids	Terpenoids	Meroterpenoids
AFC001623	Fatty alcohols	Fatty acids	Fatty acyls
AFC001624	Fatty alcohols	Fatty acids	Fatty acyls
AFC001625	Fatty alcohols	Fatty acids	Fatty acyls
AFC001626	Fatty acids
AFC001627	Flavones	Shikimates and Phenylpropanoids	Flavonoids
AFC001628	Flavones	Shikimates and Phenylpropanoids	Flavonoids
AFC001632	Cholestane steroids;Ergostane steroids;Stigmastane steroids	Terpenoids	Steroids
AFC001633	Ergostane steroids;Stigmastane steroids	Terpenoids	Steroids
AFC001635	Cinnamic acids and derivatives	Shikimates and Phenylpropanoids	Phenylpropanoids (C6-C3)
AFC001636	Cinnamic acids and derivatives	Shikimates and Phenylpropanoids	Phenylpropanoids (C6-C3)
AFC001637	Ergostane steroids	Terpenoids	Steroids
AFC001638	Aminoacids	Amino acids and Peptides	Small peptides
AFC001639	Lupane triterpenoids	Terpenoids	Triterpenoids
AFC001643	Cinnamic acids and derivatives	Shikimates and Phenylpropanoids	Phenylpropanoids (C6-C3)
AFC001644	Flavones	Shikimates and Phenylpropanoids	Flavonoids
AFC001645	Flavones	Shikimates and Phenylpropanoids	Flavonoids
AFC001646	Flavones	Shikimates and Phenylpropanoids	Flavonoids
AFC001647	Anthocyanidins	Shikimates and Phenylpropanoids	Flavonoids
AFC001650	Cucurbitane triterpenoids	Terpenoids	Triterpenoids
AFC001651	Cucurbitane triterpenoids;Lanostane, Tirucallane and Euphane triterpenoids	Terpenoids	Triterpenoids
AFC001654	Cucurbitane triterpenoids	Terpenoids	Triterpenoids
AFC001662	Menthane monoterpenoids	Terpenoids	Monoterpenoids
AFC001669	Flavones	Shikimates and Phenylpropanoids	Flavonoids
AFC001670	Carotenoids (C40, ε-ε)	Terpenoids	Carotenoids (C40)
AFC001683	Cinnamic acids and derivatives	Shikimates and Phenylpropanoids	Phenylpropanoids (C6-C3)
AFC001700	Arylnaphthalene and aryltetralin lignans	Shikimates and Phenylpropanoids	Lignans
AFC001703	Flavonols	Shikimates and Phenylpropanoids	Flavonoids
AFC001707	Oligomeric stibenes	Shikimates and Phenylpropanoids	Stilbenoids
AFC001709
AFC001710	Flavones	Shikimates and Phenylpropanoids	Flavonoids
AFC001720	Polysaccharides	Carbohydrates	Saccharides
AFC001725	Cinnamic acids and derivatives	Shikimates and Phenylpropanoids	Phenylpropanoids (C6-C3)
AFC001729
AFC001744	Shikimates and Phenylpropanoids
AFC001745	Shikimates and Phenylpropanoids
AFC001746	Shikimates and Phenylpropanoids	Flavonoids
AFC001747	Acyl phloroglucinols	Polyketides	Phloroglucinols
AFC001749	Alkaloids
AFC001938	Alkaloids
AFC001939	pteridine alkaloids	Alkaloids	Pseudoalkaloids (transamidation)
AFC001751	Simple phenolic acids	Shikimates and Phenylpropanoids	Phenolic acids (C6-C1)
AFC001752	Simple phenolic acids	Shikimates and Phenylpropanoids	Phenolic acids (C6-C1)
AFC001756	Dihydroflavonols	Shikimates and Phenylpropanoids	Flavonoids
AFC001757	Simple phenolic acids	Shikimates and Phenylpropanoids	Phenolic acids (C6-C1)
AFC001759	Cinnamic acids and derivatives	Shikimates and Phenylpropanoids	Phenylpropanoids (C6-C3)
AFC001768	Aminoacids	Amino acids and Peptides	Small peptides
AFC001769	Imidazole alkaloids	Alkaloids	Histidine alkaloids
AFC001771
AFC001774	Aminoacids	Amino acids and Peptides	Small peptides
AFC001775	Flavanones	Shikimates and Phenylpropanoids	Flavonoids
AFC001776	Cucurbitane triterpenoids	Terpenoids	Triterpenoids
AFC001779	Oleanane triterpenoids	Terpenoids	Triterpenoids
AFC001780	Multiflorane triterpenoids	Terpenoids	Triterpenoids
AFC001781	Multiflorane triterpenoids	Terpenoids	Triterpenoids
AFC001782	Multiflorane triterpenoids	Terpenoids	Triterpenoids
AFC001784	Multiflorane triterpenoids	Terpenoids	Triterpenoids
AFC001786	Cucurbitane triterpenoids	Terpenoids	Triterpenoids
AFC001787	Lactones	Fatty acids	Fatty esters
AFC001788	Imidazole alkaloids	Alkaloids	Histidine alkaloids
AFC001789	Cucurbitane triterpenoids	Terpenoids	Triterpenoids
AFC001790	Cucurbitane triterpenoids	Terpenoids	Triterpenoids
AFC001796	Cinnamic acids and derivatives	Shikimates and Phenylpropanoids	Phenylpropanoids (C6-C3)
AFC001797	Shikimates and Phenylpropanoids
AFC001798	Simple phenolic acids	Shikimates and Phenylpropanoids	Phenolic acids (C6-C1)
AFC001799	Phenylethanoids	Shikimates and Phenylpropanoids	Phenylethanoids (C6-C2)
AFC001800	Shikimates and Phenylpropanoids
AFC001801	Cucurbitane triterpenoids	Terpenoids	Triterpenoids
AFC001802	Cucurbitane triterpenoids	Terpenoids	Triterpenoids
AFC001803	Cucurbitane triterpenoids	Terpenoids	Triterpenoids
AFC001804	Simple phenolic acids	Shikimates and Phenylpropanoids	Phenolic acids (C6-C1)
AFC001805	Cucurbitane triterpenoids	Terpenoids	Triterpenoids
AFC001806	Flavones	Shikimates and Phenylpropanoids	Flavonoids
AFC001807	Cucurbitane triterpenoids	Terpenoids	Triterpenoids
AFC001809	Flavones	Shikimates and Phenylpropanoids	Flavonoids
AFC001811	Flavones	Shikimates and Phenylpropanoids	Flavonoids
AFC001812	Flavones	Shikimates and Phenylpropanoids	Flavonoids
AFC001813	Cucurbitane triterpenoids	Terpenoids	Triterpenoids
AFC001815	Cucurbitane triterpenoids	Terpenoids	Triterpenoids
AFC001816	Cucurbitane triterpenoids	Terpenoids	Triterpenoids
AFC001818	Flavones	Shikimates and Phenylpropanoids	Flavonoids
AFC001822	Stigmastane steroids	Terpenoids	Steroids
AFC001823	Cucurbitane triterpenoids	Terpenoids	Triterpenoids
AFC001824	Flavones	Shikimates and Phenylpropanoids	Flavonoids
AFC001826	Cucurbitane triterpenoids	Terpenoids	Triterpenoids
AFC001827	Unsaturated fatty acids	Fatty acids	Fatty Acids and Conjugates
AFC001828
AFC001829	Wax monoesters	Fatty acids	Fatty esters
AFC001830	Wax monoesters	Fatty acids	Fatty esters
AFC001831	Fatty alcohols	Fatty acids	Fatty acyls
AFC001832	Fatty aldehydes	Fatty acids	Fatty acyls
AFC000216	Aminoacids	Amino acids and Peptides	Small peptides
AFC000220	Aminoacids	Amino acids and Peptides	Small peptides
AFC000221	Amino fatty acids;Aminoacids	Amino acids and Peptides;Fatty acids	Fatty Acids and Conjugates;Small peptides
AFC000233	Monosaccharides;Polysaccharides	Carbohydrates	Saccharides
AFC000250	Fatty alcohols;Monosaccharides	Carbohydrates;Fatty acids	Fatty acyls;Saccharides
AFC000251	Disaccharides	Carbohydrates	Saccharides
AFC000345	Fatty alcohols;Monosaccharides	Carbohydrates;Fatty acids	Fatty acyls;Saccharides
AFC000424	Monosaccharides;Polysaccharides	Carbohydrates	Saccharides
AFC000431	Monosaccharides	Carbohydrates	Saccharides
AFC000441	Acyclic monoterpenoids	Terpenoids	Monoterpenoids
AFC000464	Monosaccharides;Polysaccharides	Carbohydrates	Saccharides
AFC000511	Hydroxy fatty acids	Fatty acids	Fatty Acids and Conjugates
AFC000530	Monosaccharides	Carbohydrates	Saccharides
AFC000541	Monosaccharides	Carbohydrates	Saccharides
AFC000545	Monosaccharides	Carbohydrates	Saccharides
AFC000606	Monosaccharides;Polysaccharides	Carbohydrates	Saccharides
AFC000647	Monosaccharides	Carbohydrates	Saccharides
AFC000659	Monosaccharides	Carbohydrates	Saccharides
AFC000661	Monosaccharides	Carbohydrates	Saccharides
AFC000665	Disaccharides	Carbohydrates	Saccharides
AFC000667	Monosaccharides;Polysaccharides	Carbohydrates	Saccharides
AFC000668	Monosaccharides;Polysaccharides	Carbohydrates	Saccharides
AFC000695	Monosaccharides;Polysaccharides	Carbohydrates	Saccharides
AFC000729	Disaccharides;Polysaccharides	Carbohydrates	Saccharides
AFC000793	Monosaccharides;Polysaccharides	Carbohydrates	Saccharides
AFC000830	Monosaccharides	Carbohydrates	Saccharides
AFC000990	Cyclitols	Carbohydrates	Polyols
AFC001097	Carotenoids (C40, Ψ-Ψ)	Terpenoids	Carotenoids (C40)
AFC001119	Monosaccharides;Polysaccharides	Carbohydrates	Saccharides
AFC001124	Monosaccharides;Polysaccharides	Carbohydrates	Saccharides
AFC001284	Monosaccharides	Carbohydrates	Saccharides
AFC001312
AFC001332	Cyclitols	Carbohydrates	Polyols
AFC001376	Monosaccharides	Carbohydrates	Saccharides
AFC001389	Fatty alcohols	Fatty acids	Fatty acyls
AFC001566	Purine nucleosides;Purine nucleotides	Carbohydrates	Nucleosides
AFC001592	Purine nucleosides;Purine nucleotides	Carbohydrates	Nucleosides
AFC001641	Multiflorane triterpenoids	Terpenoids	Triterpenoids
AFC001792	Imidazole alkaloids	Alkaloids	Histidine alkaloids
AFC001820	Cucurbitane triterpenoids	Terpenoids	Triterpenoids
