organismCleaned	structureCleanedSmiles	structureCleaned_nameTraditional	referenceCleanedDoi	referenceCleanedPmcid	referenceCleanedPmid	referenceCleanedTitle	structureCleaned_classyfire_1kingdom	structureCleaned_classyfire_2superclass	structureCleaned_classyfire_3class	structureCleaned_classyfire_4subclass	structureCleaned_classyfire_5directParent	structureCleaned_npclassifier_1pathway	structureCleaned_npclassifier_2superclass	structureCleaned_npclassifier_3class
Citrullus lanatus	CC1(C)C(O)CC[C@]2(C)C3=C(CC[C@@H]12)[C@@]1(C)CC[C@@]2(C)CC[C@](C)(C(=O)O)C[C@H]2[C@]1(C)CC3	(2S,4aS,6aS,8aR,12aS,14aS,14bR)-10-hydroxy-2,4a,6a,9,9,12a,14a-heptamethyl-1,3,4,5,6,7,8,8a,10,11,12,13,14,14b-tetradecahydropicene-2-carboxylic acid	10.1016/S0031-9422(00)97548-4	NA	NA	Formation of bryonolic acid in cucurbitaceous plants and their cell cultures	NA	NA	NA	NA	NA	Terpenoids	Triterpenoids	Multiflorane triterpenoids
Citrullus lanatus	CCCCCC(=O)CCC=O	4-oxononanal	10.1271/BBB1961.49.3145	NA	NA	Volatile flavor components of watermelon (Citrullus vulgaris).	Organic compounds	Organic oxygen compounds	Organooxygen compounds	Carbonyl compounds	Medium-chain aldehydes	Fatty acids	Fatty acyls	Fatty aldehydes
Citrullus lanatus	C=CCCCCCCCCCCCCC	1-pentadecene	10.1271/BBB1961.49.3145	NA	NA	Volatile flavor components of watermelon (Citrullus vulgaris).	Organic compounds	Hydrocarbons	Unsaturated hydrocarbons	Unsaturated aliphatic hydrocarbons	Unsaturated aliphatic hydrocarbons	Fatty acids	Fatty acyls	Hydrocarbons
Citrullus lanatus	CCCCCCCCCCCCCCCC	cetane	10.1271/BBB1961.49.3145	NA	NA	Volatile flavor components of watermelon (Citrullus vulgaris).	Organic compounds	Hydrocarbons	Saturated hydrocarbons	Alkanes	Alkanes	Fatty acids	Fatty acyls	Hydrocarbons
Citrullus lanatus	CCCCCCCCCCCCCCCCCC	octadecane	10.1271/BBB1961.49.3145	NA	NA	Volatile flavor components of watermelon (Citrullus vulgaris).	Organic compounds	Hydrocarbons	Saturated hydrocarbons	Alkanes	Alkanes	Fatty acids	Fatty acyls	Hydrocarbons
Citrullus lanatus	CCCCCCCCCCCCCCCCCCC	nonadecane	10.1271/BBB1961.49.3145	NA	NA	Volatile flavor components of watermelon (Citrullus vulgaris).	Organic compounds	Hydrocarbons	Saturated hydrocarbons	Alkanes	Alkanes	Fatty acids	Fatty acyls	Hydrocarbons
Citrullus lanatus	CCCCCCCCCCCCCCCCCCCCC	heneicosane	10.1271/BBB1961.49.3145	NA	NA	Volatile flavor components of watermelon (Citrullus vulgaris).	Organic compounds	Hydrocarbons	Saturated hydrocarbons	Alkanes	Alkanes	Fatty acids	Fatty acyls	Hydrocarbons
Citrullus lanatus	CCCCCCCCCCCCCCC	pentadecane	10.1271/BBB1961.49.3145	NA	NA	Volatile flavor components of watermelon (Citrullus vulgaris).	Organic compounds	Hydrocarbons	Saturated hydrocarbons	Alkanes	Alkanes	Fatty acids	Fatty acyls	Hydrocarbons
Citrullus lanatus	CC(=O)CC/C=C(\C)CC/C=C(\C)CCC=C(C)C	(5E,9E)-farnesyl acetone	10.1271/BBB1961.49.3145	NA	NA	Volatile flavor components of watermelon (Citrullus vulgaris).	Organic compounds	Lipids and lipid-like molecules	Prenol lipids	Diterpenoids	Acyclic diterpenoids	Fatty acids	Apocarotenoids	Apocarotenoids (Ψ-)
Citrullus lanatus	CCCCCc1ccco1	amylfuran	10.1271/BBB1961.49.3145	NA	NA	Volatile flavor components of watermelon (Citrullus vulgaris).	Organic compounds	Organoheterocyclic compounds	Heteroaromatic compounds	NA	Heteroaromatic compounds	Fatty acids	NA	NA
Citrullus lanatus	C=CC(O)CC	1-penten-3-ol	10.1271/BBB1961.49.3145	NA	NA	Volatile flavor components of watermelon (Citrullus vulgaris).	Organic compounds	Organic oxygen compounds	Organooxygen compounds	Alcohols and polyols	Secondary alcohols	Fatty acids	Fatty acyls	Fatty alcohols
Citrullus lanatus	CCCCCC1CCC(=O)O1	gamma-nonalactone	10.1271/BBB1961.49.3145	NA	NA	Volatile flavor components of watermelon (Citrullus vulgaris).	Organic compounds	Organoheterocyclic compounds	Lactones	Gamma butyrolactones	Gamma butyrolactones	Fatty acids	Fatty esters	Lactones
Citrullus lanatus	CCCCCC=O	hexanal	10.1271/BBB1961.49.3145	NA	NA	Volatile flavor components of watermelon (Citrullus vulgaris).	Organic compounds	Organic oxygen compounds	Organooxygen compounds	Carbonyl compounds	Medium-chain aldehydes	Fatty acids	Fatty acyls	Fatty aldehydes
Citrullus lanatus	CCCCO	butanol	10.1271/BBB1961.49.3145	NA	NA	Volatile flavor components of watermelon (Citrullus vulgaris).	Organic compounds	Organic oxygen compounds	Organooxygen compounds	Alcohols and polyols	Primary alcohols	Fatty acids	Fatty acyls	Fatty alcohols
Citrullus lanatus	O=Cc1ccccc1	benzaldehyde	10.1271/BBB1961.49.3145	NA	NA	Volatile flavor components of watermelon (Citrullus vulgaris).	Organic compounds	Benzenoids	Benzene and substituted derivatives	Benzoyl derivatives	Benzoyl derivatives	Shikimates and Phenylpropanoids	Phenolic acids (C6-C1)	Simple phenolic acids
Citrullus lanatus	CC(C)=CCC/C(C)=C\C=O	neral	10.1271/BBB1961.49.3145	NA	NA	Volatile flavor components of watermelon (Citrullus vulgaris).	Organic compounds	Lipids and lipid-like molecules	Prenol lipids	Monoterpenoids	Acyclic monoterpenoids	Terpenoids	Monoterpenoids	Acyclic monoterpenoids
Citrullus lanatus	CCCCCC(C)=O	2-heptanone	10.1271/BBB1961.49.3145	NA	NA	Volatile flavor components of watermelon (Citrullus vulgaris).	Organic compounds	Organic oxygen compounds	Organooxygen compounds	Carbonyl compounds	Ketones	Fatty acids	Fatty acyls	Oxygenated hydrocarbons
Citrullus lanatus	CCCCCCCC(C)=O	2-nonanone	10.1271/BBB1961.49.3145	NA	NA	Volatile flavor components of watermelon (Citrullus vulgaris).	Organic compounds	Organic oxygen compounds	Organooxygen compounds	Carbonyl compounds	Ketones	Fatty acids	Fatty acyls	Oxygenated hydrocarbons
Citrullus lanatus	OC/C=C/c1ccccc1	cinnamyl alcohol	10.1271/BBB1961.49.3145	NA	NA	Volatile flavor components of watermelon (Citrullus vulgaris).	Organic compounds	Phenylpropanoids and polyketides	Cinnamyl alcohols	NA	Cinnamyl alcohols	Shikimates and Phenylpropanoids	Phenylpropanoids (C6-C3)	Cinnamic acids and derivatives
Citrullus lanatus	OCc1ccccc1	benzyl alcohol	10.1271/BBB1961.49.3145	NA	NA	Volatile flavor components of watermelon (Citrullus vulgaris).	Organic compounds	Benzenoids	Benzene and substituted derivatives	Benzyl alcohols	Benzyl alcohols	Shikimates and Phenylpropanoids	Phenolic acids (C6-C1)	Simple phenolic acids
Citrullus lanatus	CCCCCCO	hexanol	10.1271/BBB1961.49.3145	NA	NA	Volatile flavor components of watermelon (Citrullus vulgaris).	Organic compounds	Lipids and lipid-like molecules	Fatty Acyls	Fatty alcohols	Fatty alcohols	Fatty acids	Fatty acyls	Fatty alcohols
Citrullus lanatus	CC(=O)CCC=C(C)C	6-methyl-5-hepten-2-one	10.1271/BBB1961.49.3145	NA	NA	Volatile flavor components of watermelon (Citrullus vulgaris).	Organic compounds	Organic oxygen compounds	Organooxygen compounds	Carbonyl compounds	Ketones	Fatty acids	Fatty acyls	Oxygenated hydrocarbons
Citrullus lanatus	CC(=O)/C=C/C1=C(C)CCCC1(C)C	β-ionone	10.1271/BBB1961.49.3145	NA	NA	Volatile flavor components of watermelon (Citrullus vulgaris).	Organic compounds	Lipids and lipid-like molecules	Prenol lipids	Sesquiterpenoids	Sesquiterpenoids	Terpenoids	Apocarotenoids	Apocarotenoids (β-)
Citrullus lanatus	CCCCCCCCO	octanol	10.1271/BBB1961.49.3145	NA	NA	Volatile flavor components of watermelon (Citrullus vulgaris).	Organic compounds	Lipids and lipid-like molecules	Fatty Acyls	Fatty alcohols	Fatty alcohols	Fatty acids	Fatty acyls	Fatty alcohols
Citrullus lanatus	CCCCCCCCCCCCO	1-dodecanol	10.1271/BBB1961.49.3145	NA	NA	Volatile flavor components of watermelon (Citrullus vulgaris).	Organic compounds	Lipids and lipid-like molecules	Fatty Acyls	Fatty alcohols	Fatty alcohols	Fatty acids	Fatty acyls	Fatty alcohols
Citrullus lanatus	CCO	ethyl alcohol	10.1271/BBB1961.49.3145	NA	NA	Volatile flavor components of watermelon (Citrullus vulgaris).	Organic compounds	Organic oxygen compounds	Organooxygen compounds	Alcohols and polyols	Primary alcohols	Fatty acids	Fatty acyls	Fatty alcohols
Citrullus lanatus	CCCCCCCCCO	nonan-1-ol	10.1271/BBB1961.49.3145	NA	NA	Volatile flavor components of watermelon (Citrullus vulgaris).	Organic compounds	Lipids and lipid-like molecules	Fatty Acyls	Fatty alcohols	Fatty alcohols	Fatty acids	Fatty acyls	Fatty alcohols
Citrullus lanatus	CC(C)CCO	isoamyl alcohol	10.1271/BBB1961.49.3145	NA	NA	Volatile flavor components of watermelon (Citrullus vulgaris).	Organic compounds	Organic oxygen compounds	Organooxygen compounds	Alcohols and polyols	Primary alcohols	Fatty acids	Fatty acyls	Fatty alcohols
Citrullus lanatus	CC(C)=CCC/C(C)=C/C=O	α-citral	10.1271/BBB1961.49.3145	NA	NA	Volatile flavor components of watermelon (Citrullus vulgaris).	Organic compounds	Lipids and lipid-like molecules	Prenol lipids	Monoterpenoids	Acyclic monoterpenoids	Terpenoids	Monoterpenoids	Acyclic monoterpenoids
Citrullus lanatus	CC(=O)CC/C=C(\C)CCC=C(C)C	geranylacetone	10.1271/BBB1961.49.3145	NA	NA	Volatile flavor components of watermelon (Citrullus vulgaris).	Organic compounds	Lipids and lipid-like molecules	Prenol lipids	Monoterpenoids	Acyclic monoterpenoids	Fatty acids	Apocarotenoids	Apocarotenoids (Ψ-)
Citrullus lanatus	CCCCCO	amyl alcohol	10.1271/BBB1961.49.3145	NA	NA	Volatile flavor components of watermelon (Citrullus vulgaris).	Organic compounds	Organic oxygen compounds	Organooxygen compounds	Alcohols and polyols	Primary alcohols	Fatty acids	Fatty acyls	Fatty alcohols
Citrullus lanatus	CCCCC=O	pentanal	10.1271/BBB1961.49.3145	NA	NA	Volatile flavor components of watermelon (Citrullus vulgaris).	Organic compounds	Organic oxygen compounds	Organooxygen compounds	Carbonyl compounds	Alpha-hydrogen aldehydes	Fatty acids	Fatty acyls	Fatty aldehydes
Citrullus lanatus	CC(=O)c1ccccc1	acetophenone	10.1271/BBB1961.49.3145	NA	NA	Volatile flavor components of watermelon (Citrullus vulgaris).	Organic compounds	Organic oxygen compounds	Organooxygen compounds	Carbonyl compounds	Alkyl-phenylketones	Shikimates and Phenylpropanoids	NA	NA
Citrullus lanatus	OCCc1ccccc1	2-phenyl-ethanol	10.1271/BBB1961.49.3145	NA	NA	Volatile flavor components of watermelon (Citrullus vulgaris).	Organic compounds	Benzenoids	Benzene and substituted derivatives	NA	Benzene and substituted derivatives	Shikimates and Phenylpropanoids	Phenylethanoids (C6-C2)	Phenylethanoids
Citrullus lanatus	C=CC(=O)CCCCC	1-octen-3-one	10.1271/BBB1961.49.3145	NA	NA	Volatile flavor components of watermelon (Citrullus vulgaris).	Organic compounds	Organic oxygen compounds	Organooxygen compounds	Carbonyl compounds	Enones	Fatty acids	Fatty acyls	Oxygenated hydrocarbons
Citrullus lanatus	CC(C)=CCC/C(C)=C/CO	geraniol	10.1271/BBB1961.49.3145	NA	NA	Volatile flavor components of watermelon (Citrullus vulgaris).	Organic compounds	Lipids and lipid-like molecules	Prenol lipids	Monoterpenoids	Acyclic monoterpenoids	Terpenoids	Monoterpenoids	Acyclic monoterpenoids
Citrullus lanatus	C=CC(O)CCCCC	1-octen-3-ol	10.1271/BBB1961.49.3145	NA	NA	Volatile flavor components of watermelon (Citrullus vulgaris).	Organic compounds	Lipids and lipid-like molecules	Fatty Acyls	Fatty alcohols	Fatty alcohols	Fatty acids	Fatty acyls	Fatty alcohols
Citrullus lanatus	CCCCCCCCCCCCCCCC(=O)O	palmitic acid	10.1016/0031-9422(83)80024-7	NA	NA	Fatty acids of callus tissues of six species of cucurbitaceae	Organic compounds	Lipids and lipid-like molecules	Fatty Acyls	Fatty acids and conjugates	Long-chain fatty acids	Fatty acids	Fatty Acids and Conjugates	Unsaturated fatty acids
Citrullus lanatus	CCCCCCCCCCCCCCCCCC(=O)O	stearic acid	10.1016/0031-9422(83)80024-7	NA	NA	Fatty acids of callus tissues of six species of cucurbitaceae	Organic compounds	Lipids and lipid-like molecules	Fatty Acyls	Fatty acids and conjugates	Long-chain fatty acids	Fatty acids	Fatty Acids and Conjugates	Unsaturated fatty acids
Citrullus lanatus	CCCCCCCC/C=C\CCCCCCCC(=O)O	oleic acid	10.1016/0031-9422(83)80024-7	NA	NA	Fatty acids of callus tissues of six species of cucurbitaceae	Organic compounds	Lipids and lipid-like molecules	Fatty Acyls	Fatty acids and conjugates	Long-chain fatty acids	Fatty acids	Fatty Acids and Conjugates	Unsaturated fatty acids
Citrullus lanatus	CCCCC/C=C\C/C=C\CCCCCCCC(=O)O	linoleic	10.1016/0031-9422(83)80024-7	NA	NA	Fatty acids of callus tissues of six species of cucurbitaceae	Organic compounds	Lipids and lipid-like molecules	Fatty Acyls	Lineolic acids and derivatives	Lineolic acids and derivatives	Fatty acids	Fatty Acids and Conjugates	Unsaturated fatty acids
Citrullus colocynthis	CCCCCCCCCCCCCCCC(=O)O	palmitic acid	10.1016/0031-9422(83)80024-7	NA	NA	Fatty acids of callus tissues of six species of cucurbitaceae	Organic compounds	Lipids and lipid-like molecules	Fatty Acyls	Fatty acids and conjugates	Long-chain fatty acids	Fatty acids	Fatty Acids and Conjugates	Unsaturated fatty acids
Citrullus colocynthis	CCCCCCCCCCCCCCCCCC(=O)O	stearic acid	10.1016/0031-9422(83)80024-7	NA	NA	Fatty acids of callus tissues of six species of cucurbitaceae	Organic compounds	Lipids and lipid-like molecules	Fatty Acyls	Fatty acids and conjugates	Long-chain fatty acids	Fatty acids	Fatty Acids and Conjugates	Unsaturated fatty acids
Citrullus colocynthis	CCCCCCCC/C=C\CCCCCCCC(=O)O	oleic acid	10.1016/0031-9422(83)80024-7	NA	NA	Fatty acids of callus tissues of six species of cucurbitaceae	Organic compounds	Lipids and lipid-like molecules	Fatty Acyls	Fatty acids and conjugates	Long-chain fatty acids	Fatty acids	Fatty Acids and Conjugates	Unsaturated fatty acids
Citrullus colocynthis	CCCCC/C=C\C/C=C\CCCCCCCC(=O)O	linoleic	10.1016/0031-9422(83)80024-7	NA	NA	Fatty acids of callus tissues of six species of cucurbitaceae	Organic compounds	Lipids and lipid-like molecules	Fatty Acyls	Lineolic acids and derivatives	Lineolic acids and derivatives	Fatty acids	Fatty Acids and Conjugates	Unsaturated fatty acids
Citrullus lanatus	CC/C=C\C/C=C\C/C=C\CCCCCCCC(=O)O	α-linolenic acid	10.1016/0031-9422(83)80024-7	NA	NA	Fatty acids of callus tissues of six species of cucurbitaceae	Organic compounds	Lipids and lipid-like molecules	Fatty Acyls	Lineolic acids and derivatives	Lineolic acids and derivatives	Fatty acids	Fatty Acids and Conjugates	Unsaturated fatty acids
Citrullus colocynthis	CC/C=C\C/C=C\C/C=C\CCCCCCCC(=O)O	α-linolenic acid	10.1016/0031-9422(83)80024-7	NA	NA	Fatty acids of callus tissues of six species of cucurbitaceae	Organic compounds	Lipids and lipid-like molecules	Fatty Acyls	Lineolic acids and derivatives	Lineolic acids and derivatives	Fatty acids	Fatty Acids and Conjugates	Unsaturated fatty acids
Citrullus lanatus	CC1(C)CC[C@]2(CO)CC[C@]3(C)C(=CC[C@@H]4[C@@]5(C)CC[C@H](O)C(C)(C)[C@@H]5CC[C@]43C)[C@@H]2C1	erythrodiol	10.1016/S0031-9422(97)00433-0	NA	NA	7-Oxodihydrokarounidiol-3-benzoate and other triterpenes from the seeds of cucurbitaceae	Organic compounds	Lipids and lipid-like molecules	Prenol lipids	Triterpenoids	Triterpenoids	Terpenoids	Triterpenoids	Oleanane triterpenoids
Citrullus lanatus	CC1(C)[C@H](O)CC[C@]2(C)C3=CC[C@@]4(C)[C@@H]5C[C@](C)(CO)CC[C@]5(C)CC[C@]4(C)C3=CC[C@@H]12	karounidiol	10.1016/S0031-9422(97)00433-0	NA	NA	7-Oxodihydrokarounidiol-3-benzoate and other triterpenes from the seeds of cucurbitaceae	Organic compounds	Lipids and lipid-like molecules	Prenol lipids	Triterpenoids	Triterpenoids	Terpenoids	Triterpenoids	Multiflorane triterpenoids
Citrullus lanatus	CC1(C)C2=CC=C3C(=CC[C@@]4(C)[C@@H]5C[C@](C)(CO)CC[C@]5(C)CC[C@]34C)[C@@]2(C)CC[C@H]1O	(3R,6bS,8aS,11R,12aR,12bS,14bR)-11-(hydroxymethyl)-4,4,6b,8a,11,12b,14b-heptamethyl-1,2,3,7,8,9,10,12,12a,13-decahydropicen-3-ol	10.1016/S0031-9422(97)00433-0	NA	NA	7-Oxodihydrokarounidiol-3-benzoate and other triterpenes from the seeds of cucurbitaceae	NA	NA	NA	NA	NA	Terpenoids	Triterpenoids	Multiflorane triterpenoids
Citrullus lanatus	CC1(C)[C@H](O)CC[C@]2(C)C3=C(C=C[C@@H]12)[C@@]1(C)CC[C@@]2(C)CC[C@@](C)(CO)C[C@H]2[C@]1(C)CC3	(3R,4aR,6bS,8aS,11R,12aR,12bS,14bS)-11-(hydroxymethyl)-4,4,6b,8a,11,12b,14b-heptamethyl-1,2,3,4a,7,8,9,10,12,12a,13,14-dodecahydropicen-3-ol	10.1016/S0031-9422(97)00433-0	NA	NA	7-Oxodihydrokarounidiol-3-benzoate and other triterpenes from the seeds of cucurbitaceae	Organic compounds	Organic oxygen compounds	Organooxygen compounds	Alcohols and polyols	Cyclic alcohols and derivatives	Terpenoids	Triterpenoids	Multiflorane triterpenoids
Citrullus lanatus	CC1(C)[C@H](O)CC[C@]2(C)C3=C(CC[C@@H]12)[C@@]1(C)CC[C@@]2(C)CC[C@@](C)(CO)C[C@H]2[C@]1(C)CC3	(3R,4aR,6bS,8aS,11R,12aR,12bS,14bS)-11-(hydroxymethyl)-4,4,6b,8a,11,12b,14b-heptamethyl-1,2,3,4a,5,6,7,8,9,10,12,12a,13,14-tetradecahydropicen-3-ol	10.1016/S0031-9422(97)00433-0	NA	NA	7-Oxodihydrokarounidiol-3-benzoate and other triterpenes from the seeds of cucurbitaceae	Organic compounds	Organic oxygen compounds	Organooxygen compounds	Alcohols and polyols	Cyclic alcohols and derivatives	Terpenoids	Triterpenoids	Multiflorane triterpenoids
Citrullus lanatus	CC1(C)[C@@H](O)CC[C@]2(C)C3=C(CC[C@@H]12)[C@@]1(C)CC[C@@]2(C)CC[C@@](C)(CO)C[C@H]2[C@]1(C)CC3	(3S,4aR,6bS,8aS,11R,12aR,12bS,14bS)-11-(hydroxymethyl)-4,4,6b,8a,11,12b,14b-heptamethyl-1,2,3,4a,5,6,7,8,9,10,12,12a,13,14-tetradecahydropicen-3-ol	10.1016/S0031-9422(97)00433-0	NA	NA	7-Oxodihydrokarounidiol-3-benzoate and other triterpenes from the seeds of cucurbitaceae	Organic compounds	Organic oxygen compounds	Organooxygen compounds	Alcohols and polyols	Cyclic alcohols and derivatives	Terpenoids	Triterpenoids	Multiflorane triterpenoids
Citrullus lanatus	CC1(C)[C@H](OC(=O)c2ccccc2)CC[C@]2(C)C3=CC[C@@]4(C)[C@@H]5C[C@](C)(CO)CC[C@]5(C)CC[C@]4(C)C3=CC[C@@H]12	(3R,4aR,6bS,8aS,11R,12aR,12bS,14bS)-11-(hydroxymethyl)-4,4,6b,8a,11,12b,14b-heptamethyl-1,2,3,4a,5,7,8,9,10,12,12a,13-dodecahydropicen-3-yl benzoate	10.1016/S0031-9422(97)00433-0	NA	NA	7-Oxodihydrokarounidiol-3-benzoate and other triterpenes from the seeds of cucurbitaceae	Organic compounds	Lipids and lipid-like molecules	Prenol lipids	Triterpenoids	Triterpenoids	Terpenoids	Triterpenoids	Multiflorane triterpenoids
Citrullus colocynthis	CC(=O)OC(C)(C)/C=C/C(=O)[C@](C)(O)[C@H]1[C@H](O)C[C@@]2(C)[C@@H]3CC=C4[C@@H](C[C@H](O[C@@H]5O[C@H](CO)[C@@H](O)[C@H](O)[C@H]5O)C(=O)C4(C)C)[C@]3(C)C(=O)C[C@]12C	(3E,6R)-6-[(1R,2R,3aS,3bS,8S,9aR,9bR,11aR)-2-hydroxy-3a,6,6,9b,11a-pentamethyl-7,10-dioxo-8-{[(2S,3R,4S,5S,6R)-3,4,5-trihydroxy-6-(hydroxymethyl)oxan-2-yl]oxy}-1H,2H,3H,3bH,4H,8H,9H,9aH,11H-cyclopenta[a]phenanthren-1-yl]-6-hydroxy-2-methyl-5-oxohept-3-en-2-yl acetate	10.1002/(SICI)1099-1565(200003/04)11:2<121::AID-PCA493>3.0.CO;2-9	NA	NA	Analysis of cucurbitacins in medicinal plants by high-pressure liquid chromatography-mass spectrometry	Organic compounds	Lipids and lipid-like molecules	Steroids and steroid derivatives	Steroidal glycosides	Cucurbitacin glycosides	Terpenoids	Triterpenoids	Cucurbitane triterpenoids
Citrullus colocynthis	CC(C)(O)CCC(=O)[C@](C)(O)C1[C@H](O)C[C@@]2(C)[C@@H]3CC=C4[C@@H](C[C@H](O[C@@H]5O[C@H](CO)[C@@H](O)[C@H](O)[C@H]5O)C(=O)C4(C)C)[C@]3(C)C(=O)C[C@]12C	(2R,3aS,3bS,8S,9aR,9bR,11aR)-1-[(2R)-2,6-dihydroxy-6-methyl-3-oxoheptan-2-yl]-2-hydroxy-3a,6,6,9b,11a-pentamethyl-8-{[(2S,3R,4S,5S,6R)-3,4,5-trihydroxy-6-(hydroxymethyl)oxan-2-yl]oxy}-1H,2H,3H,3bH,4H,8H,9H,9aH,11H-cyclopenta[a]phenanthrene-7,10-dione	10.1002/(SICI)1099-1565(200003/04)11:2<121::AID-PCA493>3.0.CO;2-9	NA	NA	Analysis of cucurbitacins in medicinal plants by high-pressure liquid chromatography-mass spectrometry	Organic compounds	Lipids and lipid-like molecules	Steroids and steroid derivatives	Steroidal glycosides	Cucurbitacin glycosides	Terpenoids	Triterpenoids	Cucurbitane triterpenoids
Citrullus colocynthis	CC(C)(O)/C=C/C(=O)[C@](C)(O)C1[C@H](O)C[C@@]2(C)C3CC=C4C(C=C(O[C@@H]5O[C@H](CO)[C@@H](O)[C@H](O)[C@H]5O)C(=O)C4(C)C)[C@]3(C)C(=O)C[C@]12C	(2R,3aS,9bR,11aR)-1-[(2R,4E)-2,6-dihydroxy-6-methyl-3-oxohept-4-en-2-yl]-2-hydroxy-3a,6,6,9b,11a-pentamethyl-8-{[(2S,3R,4S,5S,6R)-3,4,5-trihydroxy-6-(hydroxymethyl)oxan-2-yl]oxy}-1H,2H,3H,3bH,4H,9aH,11H-cyclopenta[a]phenanthrene-7,10-dione	10.1002/(SICI)1099-1565(200003/04)11:2<121::AID-PCA493>3.0.CO;2-9	NA	NA	Analysis of cucurbitacins in medicinal plants by high-pressure liquid chromatography-mass spectrometry	NA	NA	NA	NA	NA	Terpenoids	Triterpenoids	Cucurbitane triterpenoids
Citrullus lanatus	CC(C)[C@H](C)CC[C@@H](C)[C@H]1CC[C@H]2[C@@H]3CC=C4C[C@@H](O)CCC4(C)[C@H]3CCC21C	(1R,3aS,3bS,7S,9bS)-1-[(2R,5R)-5,6-dimethylheptan-2-yl]-9a,11a-dimethyl-1H,2H,3H,3aH,3bH,4H,6H,7H,8H,9H,9bH,10H,11H-cyclopenta[a]phenanthren-7-ol	10.1016/S0031-9422(00)84516-1	NA	NA	Occurrence of Δ5-sterols in plants producing predominantly Δ7-sterols: Studies on the sterol compositions of six cucurbitaceae seeds	NA	NA	NA	NA	NA	Terpenoids	Steroids	Ergostane steroids
Citrullus lanatus	CC[C@H](/C=C/[C@@H](C)[C@H]1CC[C@H]2C3=CC[C@H]4C[C@@H](O)CC[C@]4(C)[C@H]3CC[C@@]21C)C(C)C	chondrillasterol	10.1016/S0031-9422(00)84516-1	NA	NA	Occurrence of Δ5-sterols in plants producing predominantly Δ7-sterols: Studies on the sterol compositions of six cucurbitaceae seeds	Organic compounds	Lipids and lipid-like molecules	Steroids and steroid derivatives	Stigmastanes and derivatives	Stigmastanes and derivatives	Terpenoids	Steroids	Stigmastane steroids
Citrullus lanatus	C=C(C)[C@@H](CC)CC[C@@H](C)[C@H]1CC[C@H]2[C@@H]3CC=C4C[C@@H](O)CC[C@]4(C)[C@H]3CC[C@@]21C	(1R,3aS,3bS,7S,9aR,9bS,11aR)-1-[(2R,5S)-5-ethyl-6-methylhept-6-en-2-yl]-9a,11a-dimethyl-1H,2H,3H,3aH,3bH,4H,6H,7H,8H,9H,9bH,10H,11H-cyclopenta[a]phenanthren-7-ol	10.1016/S0031-9422(00)84516-1	NA	NA	Occurrence of Δ5-sterols in plants producing predominantly Δ7-sterols: Studies on the sterol compositions of six cucurbitaceae seeds	Organic compounds	Lipids and lipid-like molecules	Steroids and steroid derivatives	Stigmastanes and derivatives	Stigmastanes and derivatives	Terpenoids	Steroids	Cholestane steroids
Citrullus lanatus	CC[C@@H](CC[C@@H](C)[C@H]1CCC2C3=CC[C@H]4C[C@@H](O)CC[C@]4(C)C3CC[C@@]21C)C(C)C	(1R,5aS,7S,9aS,11aR)-1-[(2R,5S)-5-ethyl-6-methylheptan-2-yl]-9a,11a-dimethyl-1H,2H,3H,3aH,5H,5aH,6H,7H,8H,9H,9bH,10H,11H-cyclopenta[a]phenanthren-7-ol	10.1016/S0031-9422(00)84516-1	NA	NA	Occurrence of Δ5-sterols in plants producing predominantly Δ7-sterols: Studies on the sterol compositions of six cucurbitaceae seeds	NA	NA	NA	NA	NA	Terpenoids	Steroids	Stigmastane steroids
Citrullus lanatus	C/C=C(/CC[C@@H](C)[C@H]1CC[C@H]2[C@@H]3CC=C4C[C@@H](O)CC[C@]4(C)[C@H]3CC[C@@]21C)C(C)C	avenasterol	10.1016/S0031-9422(00)84516-1	NA	NA	Occurrence of Δ5-sterols in plants producing predominantly Δ7-sterols: Studies on the sterol compositions of six cucurbitaceae seeds	Organic compounds	Lipids and lipid-like molecules	Steroids and steroid derivatives	Stigmastanes and derivatives	Stigmastanes and derivatives	Terpenoids	Steroids	Stigmastane steroids
Citrullus lanatus	CC[C@H](/C=C/[C@@H](C)[C@H]1CC[C@H]2[C@@H]3CC=C4C[C@@H](O)CC[C@]4(C)[C@H]3CC[C@@]21C)C(C)C	phytosterol	10.1016/S0031-9422(00)84516-1	NA	NA	Occurrence of Δ5-sterols in plants producing predominantly Δ7-sterols: Studies on the sterol compositions of six cucurbitaceae seeds	Organic compounds	Lipids and lipid-like molecules	Steroids and steroid derivatives	Stigmastanes and derivatives	Stigmastanes and derivatives	Terpenoids	Steroids	Stigmastane steroids
Citrullus lanatus	C=C(C)[C@@H](C)CC[C@@H](C)[C@H]1CC[C@H]2[C@@H]3CC=C4C[C@@H](O)CC[C@]4(C)[C@H]3CC[C@@]21C	(1R,3aS,3bS,7S,9aR,9bS,11aR)-1-[(2R,5S)-5,6-dimethylhept-6-en-2-yl]-9a,11a-dimethyl-1H,2H,3H,3aH,3bH,4H,6H,7H,8H,9H,9bH,10H,11H-cyclopenta[a]phenanthren-7-ol	10.1016/S0031-9422(00)84516-1	NA	NA	Occurrence of Δ5-sterols in plants producing predominantly Δ7-sterols: Studies on the sterol compositions of six cucurbitaceae seeds	Organic compounds	Lipids and lipid-like molecules	Steroids and steroid derivatives	Ergostane steroids	Ergosterols and derivatives	Terpenoids	Steroids	Cholestane steroids
Citrullus lanatus	CC(C)[C@@H](C)CC[C@@H](C)[C@H]1CC[C@H]2[C@@H]3CC=C4C[C@@H](O)CC[C@]4(C)[C@H]3CC[C@@]21C	22,23-dihydrobrassicasterol	10.1016/S0031-9422(00)84516-1	NA	NA	Occurrence of Δ5-sterols in plants producing predominantly Δ7-sterols: Studies on the sterol compositions of six cucurbitaceae seeds	Organic compounds	Lipids and lipid-like molecules	Steroids and steroid derivatives	Ergostane steroids	Ergosterols and derivatives	Terpenoids	Steroids	Ergostane steroids
Citrullus lanatus	C=C(CC[C@@H](C)[C@H]1CC[C@H]2[C@@H]3CC=C4C[C@@H](O)CC[C@]4(C)[C@H]3CC[C@@]21C)C(C)C	24-methylenecholesterol	10.1016/S0031-9422(00)84516-1	NA	NA	Occurrence of Δ5-sterols in plants producing predominantly Δ7-sterols: Studies on the sterol compositions of six cucurbitaceae seeds	Organic compounds	Lipids and lipid-like molecules	Steroids and steroid derivatives	Ergostane steroids	Ergosterols and derivatives	Terpenoids	Steroids	Ergostane steroids
Citrullus colocynthis	O=c1cc(-c2ccc(O)c(O)c2)oc2cc(O)c([C@@H]3O[C@H](CO)[C@@H](O)[C@H](O)[C@H]3O)c(O)c12	isoorientin	10.1016/S0031-9422(96)00465-7	NA	NA	C-p-hydroxybenzoylglycoflavones from Citrullus colocynthis	Organic compounds	Phenylpropanoids and polyketides	Flavonoids	Flavonoid glycosides	Flavonoid C-glycosides	Shikimates and Phenylpropanoids	Flavonoids	Flavones
Citrullus colocynthis	O=c1cc(-c2ccc(O)cc2)oc2cc(O)c([C@@H]3O[C@H](CO)[C@@H](O)[C@H](O)[C@H]3O)c(O)c12	isovitexin	10.1016/S0031-9422(96)00465-7	NA	NA	C-p-hydroxybenzoylglycoflavones from Citrullus colocynthis	Organic compounds	Phenylpropanoids and polyketides	Flavonoids	Flavonoid glycosides	Flavonoid C-glycosides	Shikimates and Phenylpropanoids	Flavonoids	Flavones
Citrullus lanatus	CC1(C)C(O)CC[C@]2(C)C3=C(CC[C@@H]12)[C@@]1(C)CC[C@@]2(C)CC[C@](C)(C(=O)O)C[C@H]2[C@]1(C)CC3	(2S,4aS,6aS,8aR,12aS,14aS,14bR)-10-hydroxy-2,4a,6a,9,9,12a,14a-heptamethyl-1,3,4,5,6,7,8,8a,10,11,12,13,14,14b-tetradecahydropicene-2-carboxylic acid	10.1021/NP50092A001	NA	NA	Production of an Anti-Allergic Triterpene, Bryonolic Acid, by Plant Cell Cultures	NA	NA	NA	NA	NA	Terpenoids	Triterpenoids	Multiflorane triterpenoids
Citrullus colocynthis	N[C@@H](Cn1cccn1)C(=O)O	3-(pyrazol-1-yl)-L-alanine	10.1055/S-2000-8586	NA	NA	Insulinotropic Effect of Citrullus colocynthis Fruit Extracts	Organic compounds	Organic acids and derivatives	Carboxylic acids and derivatives	Amino acids, peptides, and analogues	Alpha amino acids	Amino acids and Peptides	Small peptides	Aminoacids
Citrullus colocynthis	CC(C)(O)/C=C/C(=O)[C@](C)(O)[C@H]1[C@H](O)C[C@@]2(C)[C@@H]3CC=C4[C@@H](C=C(O)C(=O)C4(C)C)[C@]3(C)C(=O)C[C@]12C	cucurbitacin	10.1016/0031-9422(88)80031-1	NA	NA	Cucurbitacins of Colocynthis vulgaris	Organic compounds	Lipids and lipid-like molecules	Steroids and steroid derivatives	Cucurbitacins	Cucurbitacins	Terpenoids	Triterpenoids	Cucurbitane triterpenoids
Citrullus colocynthis	CC1(C)C(=O)C(O)=C[C@@H]2C1=CC[C@H]1[C@]3(C)C[C@@H](O)[C@H]([C@@](C)(O)C(=O)C[C@@H](O)C(C)(C)O)[C@@]3(C)CC(=O)[C@]12C	cucurbitacin J	10.1016/0031-9422(88)80031-1	NA	NA	Cucurbitacins of Colocynthis vulgaris	Organic compounds	Lipids and lipid-like molecules	Steroids and steroid derivatives	Cucurbitacins	Cucurbitacins	Terpenoids	Triterpenoids	Cucurbitane triterpenoids
Citrullus colocynthis	CCCCCCCCCCCCCCCCCCCCCCCCCCCCO	octacosanol	10.3109/13880209009082809	NA	NA	Lipids and Sterols of Citrullus colocynthis	Organic compounds	Lipids and lipid-like molecules	Fatty Acyls	Fatty alcohols	Fatty alcohols	Fatty acids	Fatty acyls	Fatty alcohols
Citrullus colocynthis	CCCCCCCCCCCCCCCCCCCCCCCCCCCCCCC	hentriacontane	10.3109/13880209009082809	NA	NA	Lipids and Sterols of Citrullus colocynthis	Organic compounds	Hydrocarbons	Saturated hydrocarbons	Alkanes	Alkanes	Fatty acids	Fatty acyls	Hydrocarbons
Citrullus lanatus	CC1(C)C(O)CC[C@]2(C)C3=C(CC[C@@H]12)[C@@]1(C)CC[C@@]2(C)CC[C@](C)(C(=O)O)C[C@H]2[C@]1(C)CC3	(2S,4aS,6aS,8aR,12aS,14aS,14bR)-10-hydroxy-2,4a,6a,9,9,12a,14a-heptamethyl-1,3,4,5,6,7,8,8a,10,11,12,13,14,14b-tetradecahydropicene-2-carboxylic acid	10.1016/0031-9422(93)85100-6	NA	NA	Biosynthesis of bryonolic acid in cultured cells of watermelon	NA	NA	NA	NA	NA	Terpenoids	Triterpenoids	Multiflorane triterpenoids
Citrullus lanatus	CCCCCC(=O)CCC=O	4-oxononanal	10.1271/BBB1961.47.115	NA	NA	Synthesis of characteristic flavor constituents of watermelon (Citrullus vulgaris) essential oil.	Organic compounds	Organic oxygen compounds	Organooxygen compounds	Carbonyl compounds	Medium-chain aldehydes	Fatty acids	Fatty acyls	Fatty aldehydes
Citrullus colocynthis	CCCCCC(=O)CCC=O	4-oxononanal	10.1271/BBB1961.47.115	NA	NA	Synthesis of characteristic flavor constituents of watermelon (Citrullus vulgaris) essential oil.	Organic compounds	Organic oxygen compounds	Organooxygen compounds	Carbonyl compounds	Medium-chain aldehydes	Fatty acids	Fatty acyls	Fatty aldehydes
Citrullus lanatus	CC(C)=CCC/C(C)=C/C=C/C(C)=C/C=C/C(C)=C/C=C/C=C(C)/C=C/C=C(C)/C=C/C=C(\C)CCC=C(C)C	lycopene	10.3109/09637480801987195	NA	19817635	Carotenoid content and in vitro bioaccessibility of lycopene from guava (Psidium guajava) and watermelon (Citrullus lanatus) by high-performance liquid chromatography diode array detection.	Organic compounds	Lipids and lipid-like molecules	Prenol lipids	Tetraterpenoids	Carotenes	Terpenoids	Carotenoids (C40)	Carotenoids (C40, Ψ-Ψ)
Citrullus lanatus	CC(C)=CCC/C(C)=C/C=C\C(C)=C\C=C\C(C)=C\C=C\C=C(C)\C=C\C=C(C)\C=C\C=C(/C)CCC=C(C)C	(6E,8Z,10E,12E,14E,16E,18E,20E,22E,24E,26E)-2,6,10,14,19,23,27,31-octamethyldotriaconta-2,6,8,10,12,14,16,18,20,22,24,26,30-tridecaene	10.3109/09637480801987195	NA	19817635	Carotenoid content and in vitro bioaccessibility of lycopene from guava (Psidium guajava) and watermelon (Citrullus lanatus) by high-performance liquid chromatography diode array detection.	NA	NA	NA	NA	NA	Terpenoids	Carotenoids (C40)	Carotenoids (C40, Ψ-Ψ)
Citrullus lanatus	CC(C)=CCC/C(C)=C/C=C\C(C)=C/C=C/C(C)=C/C=C/C=C(C)/C=C/C=C(C)\C=C/C=C(\C)CCC=C(C)C	prolycopene	10.1007/S10068-012-0068-3	NA	NA	Volatile chemical and carotenoid profiles in watermelons [Citrullus vulgaris (Thunb.) Schrad (Cucurbitaceae)] with different flesh colors	Organic compounds	Lipids and lipid-like molecules	Prenol lipids	Tetraterpenoids	Carotenes	Terpenoids	Carotenoids (C40)	Carotenoids (C40, Ψ-Ψ)
Citrullus colocynthis	CC(C)=CCC/C(C)=C/C=C\C(C)=C/C=C/C(C)=C/C=C/C=C(C)/C=C/C=C(C)\C=C/C=C(\C)CCC=C(C)C	prolycopene	10.1007/S10068-012-0068-3	NA	NA	Volatile chemical and carotenoid profiles in watermelons [Citrullus vulgaris (Thunb.) Schrad (Cucurbitaceae)] with different flesh colors	Organic compounds	Lipids and lipid-like molecules	Prenol lipids	Tetraterpenoids	Carotenes	Terpenoids	Carotenoids (C40)	Carotenoids (C40, Ψ-Ψ)
Citrullus lanatus	CC(C)=CCC/C(C)=C/CC/C(C)=C/C=C/C(C)=C/C=C/C=C(\C)CC/C=C(\C)CC/C=C(\C)CCC=C(C)C	all-trans-phytofluene	10.4236/AS.2013.47A003	NA	NA	Studies on carotenoids in watermelon flesh	Organic compounds	Lipids and lipid-like molecules	Prenol lipids	Tetraterpenoids	Carotenes	Terpenoids	Carotenoids (C40)	Carotenoids (C40, Ψ-Ψ)
Citrullus colocynthis	CC(C)=CCC/C(C)=C/CC/C(C)=C/C=C/C(C)=C/C=C/C=C(\C)CC/C=C(\C)CC/C=C(\C)CCC=C(C)C	all-trans-phytofluene	10.4236/AS.2013.47A003	NA	NA	Studies on carotenoids in watermelon flesh	Organic compounds	Lipids and lipid-like molecules	Prenol lipids	Tetraterpenoids	Carotenes	Terpenoids	Carotenoids (C40)	Carotenoids (C40, Ψ-Ψ)
Citrullus lanatus	CC(=O)OC(C)(C)/C=C/C(=O)[C@](C)(O)[C@H]1[C@H](O)C[C@@]2(C)[C@@H]3CC=C4[C@@H](C=C(O)C(=O)C4(C)C)[C@]3(C)C(=O)C[C@]12C	α-elaterin	10.1016/J.FITOTE.2011.08.002	NA	NA	Anti-inflammatory activities of cucurbitacin E isolated from Citrullus lanatus var. citroides: Role of reactive nitrogen species and cyclooxygenase enzyme inhibition	Organic compounds	Lipids and lipid-like molecules	Steroids and steroid derivatives	Cucurbitacins	Cucurbitacins	Terpenoids	Triterpenoids	Cucurbitane triterpenoids
Citrullus lanatus	CC(C)(O)CCC(=O)[C@](C)(O)[C@H]1[C@H](O)C[C@@]2(C)[C@@H]3CC=C4[C@@H](C=C(O[C@@H]5O[C@H](CO)[C@@H](O)[C@H](O)[C@H]5O)C(=O)C4(C)C)[C@]3(C)C(=O)C[C@]12C	bryoamaride	10.1155/2012/490136	PMC3350939	22685485	Cucurbitacin L 2-O-β-Glucoside Demonstrates Apoptogenesis in Colon Adenocarcinoma Cells (HT-29): Involvement of Reactive Oxygen and Nitrogen Species Regulation	Organic compounds	Lipids and lipid-like molecules	Steroids and steroid derivatives	Steroidal glycosides	Cucurbitacin glycosides	Terpenoids	Triterpenoids	Cucurbitane triterpenoids
Citrullus lanatus	CC1(C)[C@@H](O)CC[C@]2(C)C3=C(CC[C@@H]12)[C@@]1(C)CC[C@@]2(C)CC[C@@](C)(C(=O)O)C[C@H]2[C@]1(C)CC3	(2R,4aS,6aS,8aR,10S,12aS,14aS,14bR)-10-hydroxy-2,4a,6a,9,9,12a,14a-heptamethyl-1,3,4,5,6,7,8,8a,10,11,12,13,14,14b-tetradecahydropicene-2-carboxylic acid	10.1016/S0031-9422(00)97548-4	NA	NA	Formation of bryonolic acid in cucurbitaceous plants and their cell cultures	Organic compounds	Organic oxygen compounds	Organooxygen compounds	Alcohols and polyols	Cyclic alcohols and derivatives	Terpenoids	Triterpenoids	Multiflorane triterpenoids
Citrullus lanatus	CC(=O)CCC=C(C)CCC=C(C)CCC=C(C)C	6,10,14-trimethylpentadeca-5,9,13-trien-2-one	10.1271/BBB1961.49.3145	NA	NA	Volatile flavor components of watermelon (Citrullus vulgaris).	Organic compounds	Lipids and lipid-like molecules	Prenol lipids	Diterpenoids	Acyclic diterpenoids	Fatty acids	Apocarotenoids	Apocarotenoids (Ψ-)
Citrullus lanatus	O=C1CCCO1	4-butyrolactone	10.1271/BBB1961.49.3145	NA	NA	Volatile flavor components of watermelon (Citrullus vulgaris).	Organic compounds	Organoheterocyclic compounds	Lactones	Gamma butyrolactones	Gamma butyrolactones	Fatty acids	Fatty esters	Lactones
Citrullus lanatus	CCCCCCCCC=O	nonanal	10.1271/BBB1961.49.3145	NA	NA	Volatile flavor components of watermelon (Citrullus vulgaris).	Organic compounds	Organic oxygen compounds	Organooxygen compounds	Carbonyl compounds	Medium-chain aldehydes	Fatty acids	Fatty acyls	Fatty aldehydes
Citrullus lanatus	CCCCCCCC=O	octanal	10.1271/BBB1961.49.3145	NA	NA	Volatile flavor components of watermelon (Citrullus vulgaris).	Organic compounds	Organic oxygen compounds	Organooxygen compounds	Carbonyl compounds	Medium-chain aldehydes	Fatty acids	Fatty acyls	Fatty aldehydes
Citrullus lanatus	OCC=Cc1ccccc1	3-phenyl-2-propen-1-ol	10.1271/BBB1961.49.3145	NA	NA	Volatile flavor components of watermelon (Citrullus vulgaris).	Organic compounds	Phenylpropanoids and polyketides	Cinnamyl alcohols	NA	Cinnamyl alcohols	Shikimates and Phenylpropanoids	Phenylpropanoids (C6-C3)	Cinnamic acids and derivatives
Citrullus lanatus	CC/C=C/C/C=C/C/C=C/CCCCCCCC(=O)O	α linolenic acid	10.1016/0031-9422(83)80024-7	NA	NA	Fatty acids of callus tissues of six species of cucurbitaceae	Organic compounds	Lipids and lipid-like molecules	Fatty Acyls	Lineolic acids and derivatives	Lineolic acids and derivatives	Fatty acids	Fatty Acids and Conjugates	Unsaturated fatty acids
Citrullus colocynthis	CC/C=C/C/C=C/C/C=C/CCCCCCCC(=O)O	α linolenic acid	10.1016/0031-9422(83)80024-7	NA	NA	Fatty acids of callus tissues of six species of cucurbitaceae	Organic compounds	Lipids and lipid-like molecules	Fatty Acyls	Lineolic acids and derivatives	Lineolic acids and derivatives	Fatty acids	Fatty Acids and Conjugates	Unsaturated fatty acids
Citrullus lanatus	CC1(C)[C@@H](O)CC[C@]2(C)C3=C(CC[C@@H]12)[C@@]1(C)CC[C@@]2(C)CC[C@@](C)(C(=O)O)C[C@H]2[C@]1(C)CC3	(2R,4aS,6aS,8aR,10S,12aS,14aS,14bR)-10-hydroxy-2,4a,6a,9,9,12a,14a-heptamethyl-1,3,4,5,6,7,8,8a,10,11,12,13,14,14b-tetradecahydropicene-2-carboxylic acid	10.1021/NP50092A001	NA	NA	Production of an Anti-Allergic Triterpene, Bryonolic Acid, by Plant Cell Cultures	Organic compounds	Organic oxygen compounds	Organooxygen compounds	Alcohols and polyols	Cyclic alcohols and derivatives	Terpenoids	Triterpenoids	Multiflorane triterpenoids
Citrullus colocynthis	CC1(C)C(=O)C(O)=C[C@@H]2C1=CC[C@H]1[C@]3(C)C[C@@H](O)[C@H]([C@@](C)(O)C(=O)CC(O)C(C)(C)O)[C@@]3(C)CC(=O)[C@]12C	cucurbitacin J	10.1016/0031-9422(88)80031-1	NA	NA	Cucurbitacins of Colocynthis vulgaris	Organic compounds	Lipids and lipid-like molecules	Steroids and steroid derivatives	Cucurbitacins	Cucurbitacins	Terpenoids	Triterpenoids	Cucurbitane triterpenoids
Citrullus lanatus	N=c1nc2c(ncn2C[C@H](N)C(=O)O)c(Cc2ccccc2)[nH]1	(2S)-2-amino-3-(6-benzyl-2-imino-1H-purin-9-yl)propanoic acid	10.1248/CPB.31.1777	NA	NA	Biosynthesis of .BETA.-(6-benzylaminopurin-9-yl)alanine, a metabolite of cytokinin 6-benzylaminopurine in higher plants.	NA	NA	NA	NA	NA	Alkaloids	Histidine alkaloids	Imidazole alkaloids
Citrullus colocynthis	N=c1nc2c(ncn2C[C@H](N)C(=O)O)c(Cc2ccccc2)[nH]1	(2S)-2-amino-3-(6-benzyl-2-imino-1H-purin-9-yl)propanoic acid	10.1248/CPB.31.1777	NA	NA	Biosynthesis of .BETA.-(6-benzylaminopurin-9-yl)alanine, a metabolite of cytokinin 6-benzylaminopurine in higher plants.	NA	NA	NA	NA	NA	Alkaloids	Histidine alkaloids	Imidazole alkaloids
Citrullus lanatus	CC1(C)[C@@H](O)CC[C@]2(C)C3=C(CC[C@@H]12)[C@@]1(C)CC[C@@]2(C)CC[C@@](C)(C(=O)O)C[C@H]2[C@]1(C)CC3	(2R,4aS,6aS,8aR,10S,12aS,14aS,14bR)-10-hydroxy-2,4a,6a,9,9,12a,14a-heptamethyl-1,3,4,5,6,7,8,8a,10,11,12,13,14,14b-tetradecahydropicene-2-carboxylic acid	10.1016/0031-9422(93)85100-6	NA	NA	Biosynthesis of bryonolic acid in cultured cells of watermelon	Organic compounds	Organic oxygen compounds	Organooxygen compounds	Alcohols and polyols	Cyclic alcohols and derivatives	Terpenoids	Triterpenoids	Multiflorane triterpenoids
Citrullus lanatus	O=c1cc(-c2ccc(O)cc2)oc2cc(O)cc(O)c12	chamomile	10.1556/AALIM.31.2002.1.7	NA	NA	FLAVONOID AGLYCONS IN FOODS OF PLANT ORIGIN II. FRESH AND DRIED FRUITS	Organic compounds	Phenylpropanoids and polyketides	Flavonoids	Flavones	Flavones	Shikimates and Phenylpropanoids	Flavonoids	Flavones
Citrullus lanatus	O=c1cc(-c2ccc(O)c(O)c2)oc2cc(O)cc(O)c12	luteolin	10.1556/AALIM.31.2002.1.7	NA	NA	FLAVONOID AGLYCONS IN FOODS OF PLANT ORIGIN II. FRESH AND DRIED FRUITS	Organic compounds	Phenylpropanoids and polyketides	Flavonoids	Flavones	Flavones	Shikimates and Phenylpropanoids	Flavonoids	Flavones
Citrullus lanatus	O=c1c(O)c(-c2ccc(O)cc2)oc2cc(O)cc(O)c12	kaempherol	10.1556/AALIM.31.2002.1.7	NA	NA	FLAVONOID AGLYCONS IN FOODS OF PLANT ORIGIN II. FRESH AND DRIED FRUITS	Organic compounds	Phenylpropanoids and polyketides	Flavonoids	Flavones	Flavonols	Shikimates and Phenylpropanoids	Flavonoids	Flavonols
Citrullus lanatus	O=c1c(O)c(-c2cc(O)c(O)c(O)c2)oc2cc(O)cc(O)c12	myricetin	10.1556/AALIM.31.2002.1.7	NA	NA	FLAVONOID AGLYCONS IN FOODS OF PLANT ORIGIN II. FRESH AND DRIED FRUITS	Organic compounds	Phenylpropanoids and polyketides	Flavonoids	Flavones	Flavonols	Shikimates and Phenylpropanoids	Flavonoids	Flavonols
Citrullus lanatus	O=c1c(O)c(-c2ccc(O)c(O)c2)oc2cc(O)cc(O)c12	quercetin	10.1556/AALIM.31.2002.1.7	NA	NA	FLAVONOID AGLYCONS IN FOODS OF PLANT ORIGIN II. FRESH AND DRIED FRUITS	Organic compounds	Phenylpropanoids and polyketides	Flavonoids	Flavones	Flavonols	Shikimates and Phenylpropanoids	Flavonoids	Flavonols
Citrullus lanatus	COc1cc(C[C@H]2CO[C@H](c3ccc(O)c(OC)c3)[C@H]2CO)ccc1O	lariciresinol	10.1207/S15327914NC5402_5	NA	NA	Phytoestrogen Content of Foods Consumed in Canada, Including Isoflavones, Lignans, and Coumestan	Organic compounds	Lignans, neolignans and related compounds	Furanoid lignans	Tetrahydrofuran lignans	7,9'-epoxylignans	Shikimates and Phenylpropanoids	Lignans	Furanoid lignans
Citrullus lanatus	COc1cc(C[C@H]2COC(=O)[C@@H]2Cc2ccc(O)c(OC)c2)ccc1O	matairesinol	10.1016/J.FOODCHEM.2009.03.002	NA	NA	Phytoestrogen content of fruits and vegetables commonly consumed in the UK based on LC–MS and 13C-labelled standards	Organic compounds	Lignans, neolignans and related compounds	Furanoid lignans	Tetrahydrofuran lignans	Dibenzylbutyrolactone lignans	Shikimates and Phenylpropanoids	Lignans	Dibenzylbutyrolactone lignans
Citrullus lanatus	COc1cc(C[C@H]2COC(=O)[C@@H]2Cc2ccc(O)c(OC)c2)ccc1O	matairesinol	10.1207/S15327914NC5402_5	NA	NA	Phytoestrogen Content of Foods Consumed in Canada, Including Isoflavones, Lignans, and Coumestan	Organic compounds	Lignans, neolignans and related compounds	Furanoid lignans	Tetrahydrofuran lignans	Dibenzylbutyrolactone lignans	Shikimates and Phenylpropanoids	Lignans	Dibenzylbutyrolactone lignans
Citrullus lanatus	COc1cc([C@H]2OC[C@@H]3[C@@H](c4ccc(O)c(OC)c4)OC[C@H]23)ccc1O	pinoresinol	10.1207/S15327914NC5402_5	NA	NA	Phytoestrogen Content of Foods Consumed in Canada, Including Isoflavones, Lignans, and Coumestan	Organic compounds	Lignans, neolignans and related compounds	Furanoid lignans	NA	Furanoid lignans	Shikimates and Phenylpropanoids	Lignans	Furofuranoid lignans
Citrullus lanatus	COc1cc([13CH2][C@@H]([13CH2]O)[C@H](CO)[13CH2]c2ccc(O)c(OC)c2)ccc1O	(2S,3R)-2,3-bis[(4-hydroxy-3-methoxyphenyl)(¹³C)methyl](1-¹³C)butane-1,4-diol	10.1016/J.FOODCHEM.2009.03.002	NA	NA	Phytoestrogen content of fruits and vegetables commonly consumed in the UK based on LC–MS and 13C-labelled standards	NA	NA	NA	NA	NA	Shikimates and Phenylpropanoids	Lignans	Dibenzylbutane lignans
Citrullus lanatus	COc1cc([13CH2][C@@H]([13CH2]O)[C@H](CO)[13CH2]c2ccc(O)c(OC)c2)ccc1O	(2S,3R)-2,3-bis[(4-hydroxy-3-methoxyphenyl)(¹³C)methyl](1-¹³C)butane-1,4-diol	10.1207/S15327914NC5402_5	NA	NA	Phytoestrogen Content of Foods Consumed in Canada, Including Isoflavones, Lignans, and Coumestan	NA	NA	NA	NA	NA	Shikimates and Phenylpropanoids	Lignans	Dibenzylbutane lignans
Citrullus colocynthis	O=c1cc(-c2ccc(O)cc2)oc2cc(O)c([C@@H]3O[C@H](CO)[C@@H](O)[C@H](O)[C@H]3O)c(O)c12	isovitexin	10.1248/CPB.55.428	NA	NA	Bioactive Saponins and Glycosides. XXVII. Structures of New Cucurbitane-Type Triterpene Glycosides and Antiallergic Constituents from Citrullus colocynthis	Organic compounds	Phenylpropanoids and polyketides	Flavonoids	Flavonoid glycosides	Flavonoid C-glycosides	Shikimates and Phenylpropanoids	Flavonoids	Flavones
Citrullus colocynthis	COc1cc(C(=O)CCO)ccc1O	3-hydroxy-1-(4-hydroxy-3-methoxyphenyl)propan-1-one	10.1248/CPB.55.428	NA	NA	Bioactive Saponins and Glycosides. XXVII. Structures of New Cucurbitane-Type Triterpene Glycosides and Antiallergic Constituents from Citrullus colocynthis	Organic compounds	Organic oxygen compounds	Organooxygen compounds	Carbonyl compounds	Alkyl-phenylketones	Shikimates and Phenylpropanoids	Phenylpropanoids (C6-C3)	Cinnamic acids and derivatives
Citrullus colocynthis	O=C(CCO)c1ccc(O)cc1	3-hydroxy-1-(4-hydroxyphenyl)propan-1-one	10.1248/CPB.55.428	NA	NA	Bioactive Saponins and Glycosides. XXVII. Structures of New Cucurbitane-Type Triterpene Glycosides and Antiallergic Constituents from Citrullus colocynthis	Organic compounds	Organic oxygen compounds	Organooxygen compounds	Carbonyl compounds	Alkyl-phenylketones	Shikimates and Phenylpropanoids	NA	NA
Citrullus colocynthis	OCc1ccc(O[C@@H]2O[C@H](CO)[C@H](O)[C@H](O)[C@H]2O)cc1	(2R,3R,4S,5R,6S)-2-(hydroxymethyl)-6-[4-(hydroxymethyl)phenoxy]oxane-3,4,5-triol	10.1248/CPB.55.428	NA	NA	Bioactive Saponins and Glycosides. XXVII. Structures of New Cucurbitane-Type Triterpene Glycosides and Antiallergic Constituents from Citrullus colocynthis	Organic compounds	Organic oxygen compounds	Organooxygen compounds	Carbohydrates and carbohydrate conjugates	Phenolic glycosides	Shikimates and Phenylpropanoids	Phenolic acids (C6-C1)	Simple phenolic acids
Citrullus colocynthis	OC[C@H]1O[C@@H](OCc2ccc(O)cc2)[C@H](O)[C@@H](O)[C@H]1O	(2R,3R,4S,5R,6R)-2-(hydroxymethyl)-6-[(4-hydroxyphenyl)methoxy]oxane-3,4,5-triol	10.1248/CPB.55.428	NA	NA	Bioactive Saponins and Glycosides. XXVII. Structures of New Cucurbitane-Type Triterpene Glycosides and Antiallergic Constituents from Citrullus colocynthis	Organic compounds	Organic oxygen compounds	Organooxygen compounds	Carbohydrates and carbohydrate conjugates	O-glycosyl compounds	Shikimates and Phenylpropanoids	Phenylethanoids (C6-C2)	Phenylethanoids
Citrullus colocynthis	OC[C@H]1O[C@@H](OCc2ccccc2)[C@H](O)[C@@H](O)[C@H]1O	(2R,3R,4S,5R,6R)-2-(benzyloxy)-6-(hydroxymethyl)oxane-3,4,5-triol	10.1248/CPB.55.428	NA	NA	Bioactive Saponins and Glycosides. XXVII. Structures of New Cucurbitane-Type Triterpene Glycosides and Antiallergic Constituents from Citrullus colocynthis	Organic compounds	Organic oxygen compounds	Organooxygen compounds	Carbohydrates and carbohydrate conjugates	O-glycosyl compounds	Shikimates and Phenylpropanoids	NA	NA
Citrullus colocynthis	CC(=O)OC(C)(C)/C=C/C(=O)[C@@](C)(O)[C@H]1[C@H](O)C[C@@]2(C)[C@@H]3[C@H](O)C=C4[C@@H](C=C(O[C@@H]5O[C@H](CO)[C@@H](O)[C@H](O)[C@H]5O)C(=O)C4(C)C)[C@]3(C)C(=O)C[C@]12C	(3E,6S)-6-[(1R,2R,3aS,3bS,4R,9aR,9bS,11aR)-2,4-dihydroxy-3a,6,6,9b,11a-pentamethyl-7,10-dioxo-8-{[(2S,3R,4S,5S,6R)-3,4,5-trihydroxy-6-(hydroxymethyl)oxan-2-yl]oxy}-1H,2H,3H,3bH,4H,9aH,11H-cyclopenta[a]phenanthren-1-yl]-6-hydroxy-2-methyl-5-oxohept-3-en-2-yl acetate	10.1248/CPB.55.428	NA	NA	Bioactive Saponins and Glycosides. XXVII. Structures of New Cucurbitane-Type Triterpene Glycosides and Antiallergic Constituents from Citrullus colocynthis	Organic compounds	Lipids and lipid-like molecules	Steroids and steroid derivatives	Steroidal glycosides	Cucurbitacin glycosides	Terpenoids	Triterpenoids	Cucurbitane triterpenoids
Citrullus colocynthis	C/C(=C\[C@@H]1C[C@](C)(O)[C@H]2[C@@H](C[C@@]3(C)[C@@H]4CC=C5[C@@H](C=C(O[C@@H]6O[C@H](CO)[C@@H](O)[C@H](O)[C@H]6O[C@@H]6O[C@@H](C)[C@H](O)[C@@H](O)[C@H]6O)C(=O)C5(C)C)[C@]4(C)C(=O)C[C@]23C)O1)CO	(1S,2S,4R,6S,8S,9R,10R,13R,14R)-16-{[(2S,3R,4S,5S,6R)-4,5-dihydroxy-6-(hydroxymethyl)-3-{[(2S,3R,4R,5R,6S)-3,4,5-trihydroxy-6-methyloxan-2-yl]oxy}oxan-2-yl]oxy}-8-hydroxy-6-[(1E)-3-hydroxy-2-methylprop-1-en-1-yl]-2,8,10,13,18,18-hexamethyl-5-oxapentacyclo[11.8.0.0²,¹⁰.0⁴,⁹.0¹⁴,¹⁹]henicosa-15,19-diene-12,17-dione	10.1248/CPB.55.428	NA	NA	Bioactive Saponins and Glycosides. XXVII. Structures of New Cucurbitane-Type Triterpene Glycosides and Antiallergic Constituents from Citrullus colocynthis	Organic compounds	Lipids and lipid-like molecules	Steroids and steroid derivatives	Steroidal glycosides	Cucurbitacin glycosides	Terpenoids	Triterpenoids	Cucurbitane triterpenoids
Citrullus colocynthis	CC(=O)OC(C)(C)/C=C/C(=O)[C@](C)(O)[C@H]1[C@H](O)C[C@@]2(C)[C@@H]3CC=C4[C@@H](C=C(O[C@@H]5O[C@H](CO)[C@@H](O)[C@H](O)[C@H]5O)C(=O)C4(C)C)[C@]3(C)C(=O)C[C@]12C	colocynthin	10.1248/CPB.55.428	NA	NA	Bioactive Saponins and Glycosides. XXVII. Structures of New Cucurbitane-Type Triterpene Glycosides and Antiallergic Constituents from Citrullus colocynthis	Organic compounds	Lipids and lipid-like molecules	Steroids and steroid derivatives	Steroidal glycosides	Cucurbitacin glycosides	Terpenoids	Triterpenoids	Cucurbitane triterpenoids
Citrullus colocynthis	CC(C)(O)/C=C/C(=O)[C@](C)(O)[C@H]1[C@H](O)C[C@@]2(C)[C@@H]3CC=C4[C@@H](C=C(O[C@@H]5O[C@H](CO)[C@@H](O)[C@H](O)[C@H]5O)C(=O)C4(C)C)[C@]3(C)C(=O)C[C@]12C	(1R,2R,3aS,3bS,9aR,9bR,11aR)-1-[(2R,4E)-2,6-dihydroxy-6-methyl-3-oxohept-4-en-2-yl]-2-hydroxy-3a,6,6,9b,11a-pentamethyl-8-{[(2S,3R,4S,5S,6R)-3,4,5-trihydroxy-6-(hydroxymethyl)oxan-2-yl]oxy}-1H,2H,3H,3bH,4H,9aH,11H-cyclopenta[a]phenanthrene-7,10-dione	10.1248/CPB.55.428	NA	NA	Bioactive Saponins and Glycosides. XXVII. Structures of New Cucurbitane-Type Triterpene Glycosides and Antiallergic Constituents from Citrullus colocynthis	Organic compounds	Lipids and lipid-like molecules	Steroids and steroid derivatives	Steroidal glycosides	Cucurbitacin glycosides	Terpenoids	Triterpenoids	Cucurbitane triterpenoids
Citrullus colocynthis	CC1(C)C(=O)C(O[C@@H]2O[C@H](CO)[C@@H](O)[C@H](O)[C@H]2O)=C[C@@H]2C1=CC[C@H]1[C@]3(C)C[C@@H](O)[C@H]([C@@](C)(O)C(=O)C[C@@H](O)C(C)(C)O)[C@@]3(C)CC(=O)[C@]12C	(1R,2R,3aS,3bS,9aR,9bR,11aR)-2-hydroxy-3a,6,6,9b,11a-pentamethyl-8-{[(2S,3R,4S,5S,6R)-3,4,5-trihydroxy-6-(hydroxymethyl)oxan-2-yl]oxy}-1-[(2R,5R)-2,5,6-trihydroxy-6-methyl-3-oxoheptan-2-yl]-1H,2H,3H,3bH,4H,9aH,11H-cyclopenta[a]phenanthrene-7,10-dione	10.1248/CPB.55.428	NA	NA	Bioactive Saponins and Glycosides. XXVII. Structures of New Cucurbitane-Type Triterpene Glycosides and Antiallergic Constituents from Citrullus colocynthis	Organic compounds	Lipids and lipid-like molecules	Steroids and steroid derivatives	Steroidal glycosides	Cucurbitacin glycosides	Terpenoids	Triterpenoids	Cucurbitane triterpenoids
Citrullus colocynthis	CC(C)(O)CCC(=O)[C@](C)(O)[C@H]1[C@H](O)C[C@@]2(C)[C@@H]3CC=C4[C@@H](C=C(O[C@@H]5O[C@H](CO)[C@@H](O)[C@H](O)[C@H]5O)C(=O)C4(C)C)[C@]3(C)C(=O)C[C@]12C	bryoamaride	10.1248/CPB.55.428	NA	NA	Bioactive Saponins and Glycosides. XXVII. Structures of New Cucurbitane-Type Triterpene Glycosides and Antiallergic Constituents from Citrullus colocynthis	Organic compounds	Lipids and lipid-like molecules	Steroids and steroid derivatives	Steroidal glycosides	Cucurbitacin glycosides	Terpenoids	Triterpenoids	Cucurbitane triterpenoids
Citrullus colocynthis	O=Cc1ccc(O[C@@H]2O[C@H](CO)[C@@H](O)[C@@H](O)[C@H]2O)cc1	4-{[(2S,3R,4R,5S,6R)-3,4,5-trihydroxy-6-(hydroxymethyl)oxan-2-yl]oxy}benzaldehyde	10.1248/CPB.55.428	NA	NA	Bioactive Saponins and Glycosides. XXVII. Structures of New Cucurbitane-Type Triterpene Glycosides and Antiallergic Constituents from Citrullus colocynthis	Organic compounds	Organic oxygen compounds	Organooxygen compounds	Carbohydrates and carbohydrate conjugates	Phenolic glycosides	Shikimates and Phenylpropanoids	Phenolic acids (C6-C1)	Simple phenolic acids
Citrullus colocynthis	CC(C)(O)/C=C/[C@@H](O)[C@](C)(O)[C@H]1[C@H](O)C[C@@]2(C)[C@@H]3CC=C4[C@@H](C=C(O[C@@H]5O[C@H](CO)[C@@H](O)[C@H](O)[C@H]5O)C(=O)C4(C)C)[C@]3(C)C(=O)C[C@]12C	(1R,2R,3aS,3bS,9aR,9bR,11aR)-2-hydroxy-3a,6,6,9b,11a-pentamethyl-8-{[(2S,3R,4S,5S,6R)-3,4,5-trihydroxy-6-(hydroxymethyl)oxan-2-yl]oxy}-1-[(2R,3R,4E)-2,3,6-trihydroxy-6-methylhept-4-en-2-yl]-1H,2H,3H,3bH,4H,9aH,11H-cyclopenta[a]phenanthrene-7,10-dione	10.1248/CPB.55.428	NA	NA	Bioactive Saponins and Glycosides. XXVII. Structures of New Cucurbitane-Type Triterpene Glycosides and Antiallergic Constituents from Citrullus colocynthis	Organic compounds	Lipids and lipid-like molecules	Steroids and steroid derivatives	Steroidal glycosides	Cucurbitacin glycosides	Terpenoids	Triterpenoids	Cucurbitane triterpenoids
Citrullus colocynthis	COc1cc(-c2cc(=O)c3c(O)c([C@@H]4O[C@H](CO)[C@@H](O)[C@H](O)[C@H]4O)c(O)cc3o2)ccc1O	isoscoparin	10.1016/S0031-9422(96)00465-7	NA	NA	C-p-hydroxybenzoylglycoflavones from Citrullus colocynthis	Organic compounds	Phenylpropanoids and polyketides	Flavonoids	Flavonoid glycosides	Flavonoid C-glycosides	Shikimates and Phenylpropanoids	Flavonoids	Flavones
Citrullus colocynthis	CC(C)(O)/C=C/C(=O)[C@](C)(O)[C@H]1[C@H](O)C[C@@]2(C)[C@@H]3CC=C4[C@@H](C=C(O[C@@H]5O[C@H](CO)[C@@H](O)[C@H](O)[C@H]5O)C(=O)C4(C)C)[C@]3(C)C(=O)C[C@]12C	(1R,2R,3aS,3bS,9aR,9bR,11aR)-1-[(2R,4E)-2,6-dihydroxy-6-methyl-3-oxohept-4-en-2-yl]-2-hydroxy-3a,6,6,9b,11a-pentamethyl-8-{[(2S,3R,4S,5S,6R)-3,4,5-trihydroxy-6-(hydroxymethyl)oxan-2-yl]oxy}-1H,2H,3H,3bH,4H,9aH,11H-cyclopenta[a]phenanthrene-7,10-dione	10.1002/MRC.1570	NA	NA	1H and13C NMR signal assignment of cucurbitacin derivatives fromCitrullus colocynthis (L.) Schrader andEcballium elaterium L. (Cucurbitaceae)	Organic compounds	Lipids and lipid-like molecules	Steroids and steroid derivatives	Steroidal glycosides	Cucurbitacin glycosides	Terpenoids	Triterpenoids	Cucurbitane triterpenoids
Citrullus colocynthis	CC(C)(O)/C=C/C(=O)[C@](C)(O)[C@H]1[C@H](O)C[C@@]2(C)[C@@H]3CC=C4[C@@H](C=C(O[C@@H]5O[C@H](CO)[C@@H](O)[C@H](O)[C@H]5O)C(=O)C4(C)C)[C@]3(C)C(=O)C[C@]12C	(1R,2R,3aS,3bS,9aR,9bR,11aR)-1-[(2R,4E)-2,6-dihydroxy-6-methyl-3-oxohept-4-en-2-yl]-2-hydroxy-3a,6,6,9b,11a-pentamethyl-8-{[(2S,3R,4S,5S,6R)-3,4,5-trihydroxy-6-(hydroxymethyl)oxan-2-yl]oxy}-1H,2H,3H,3bH,4H,9aH,11H-cyclopenta[a]phenanthrene-7,10-dione	10.1016/0031-9422(89)80230-4	NA	NA	Cucurbitacin glycosides from Citrullus colocynthis	Organic compounds	Lipids and lipid-like molecules	Steroids and steroid derivatives	Steroidal glycosides	Cucurbitacin glycosides	Terpenoids	Triterpenoids	Cucurbitane triterpenoids
Citrullus colocynthis	CC(=O)OC(C)(C)/C=C/C(=O)[C@](C)(O)[C@H]1[C@H](O)C[C@@]2(C)[C@@H]3CC=C4[C@@H](C=C(O[C@@H]5O[C@H](CO)[C@@H](O)[C@H](O)[C@H]5O)C(=O)C4(C)C)[C@]3(C)C(=O)C[C@]12C	colocynthin	10.1002/HLCA.200900341	NA	NA	New Pentacyclic Cucurbitane Glucosides from the Fruits of Citrullus colocynthisSchrad.	Organic compounds	Lipids and lipid-like molecules	Steroids and steroid derivatives	Steroidal glycosides	Cucurbitacin glycosides	Terpenoids	Triterpenoids	Cucurbitane triterpenoids
Citrullus colocynthis	CC(=O)OC(C)(C)/C=C/C(=O)[C@](C)(O)[C@H]1[C@H](O)C[C@@]2(C)[C@@H]3CC=C4[C@@H](C=C(O[C@@H]5O[C@H](CO)[C@@H](O)[C@H](O)[C@H]5O)C(=O)C4(C)C)[C@]3(C)C(=O)C[C@]12C	colocynthin	10.1016/J.BCP.2006.09.012	NA	NA	Growth inhibitory activity of cucurbitacin glucosides isolated from Citrullus colocynthis on human breast cancer cells	Organic compounds	Lipids and lipid-like molecules	Steroids and steroid derivatives	Steroidal glycosides	Cucurbitacin glycosides	Terpenoids	Triterpenoids	Cucurbitane triterpenoids
Citrullus colocynthis	CC(=O)OC(C)(C)/C=C/C(=O)[C@](C)(O)[C@H]1[C@H](O)C[C@@]2(C)[C@@H]3CC=C4[C@@H](C=C(O[C@@H]5O[C@H](CO)[C@@H](O)[C@H](O)[C@H]5O)C(=O)C4(C)C)[C@]3(C)C(=O)C[C@]12C	colocynthin	10.1016/0031-9422(89)80230-4	NA	NA	Cucurbitacin glycosides from Citrullus colocynthis	Organic compounds	Lipids and lipid-like molecules	Steroids and steroid derivatives	Steroidal glycosides	Cucurbitacin glycosides	Terpenoids	Triterpenoids	Cucurbitane triterpenoids
Citrullus colocynthis	C=C(C)[C@@H]1CC(=O)[C@](C)(O)[C@H]2[C@@H](C[C@@]3(C)[C@@H]4CC=C5[C@@H](C=C(O[C@@H]6O[C@H](CO)[C@@H](O)[C@H](O)[C@H]6O)C(=O)C5(C)C)[C@]4(C)C(=O)C[C@]23C)O1	(1S,2S,4R,6S,9R,10R,11R,14R,15R)-9-hydroxy-2,9,11,14,19,19-hexamethyl-6-(prop-1-en-2-yl)-17-{[(2S,3R,4S,5S,6R)-3,4,5-trihydroxy-6-(hydroxymethyl)oxan-2-yl]oxy}-5-oxapentacyclo[12.8.0.0²,¹¹.0⁴,¹⁰.0¹⁵,²⁰]docosa-16,20-diene-8,13,18-trione	10.1002/HLCA.200900341	NA	NA	New Pentacyclic Cucurbitane Glucosides from the Fruits of Citrullus colocynthisSchrad.	Organic compounds	Lipids and lipid-like molecules	Steroids and steroid derivatives	Steroidal glycosides	Steroidal glycosides	Terpenoids	Triterpenoids	Cucurbitane triterpenoids
Citrullus colocynthis	CC(=O)OC(C)(C)/C=C/C(=O)[C@](C)(O)[C@H]1[C@H](O)C[C@@]2(C)[C@@H]3[C@@H](O)C=C4[C@@H](C=C(O[C@@H]5O[C@H](CO)[C@@H](O)[C@H](O)[C@H]5O)C(=O)C4(C)C)[C@]3(C)C(=O)C[C@]12C	(3E,6R)-6-[(1R,2R,3aS,3bS,4S,9aR,9bS,11aR)-2,4-dihydroxy-3a,6,6,9b,11a-pentamethyl-7,10-dioxo-8-{[(2S,3R,4S,5S,6R)-3,4,5-trihydroxy-6-(hydroxymethyl)oxan-2-yl]oxy}-1H,2H,3H,3bH,4H,9aH,11H-cyclopenta[a]phenanthren-1-yl]-6-hydroxy-2-methyl-5-oxohept-3-en-2-yl acetate	10.1248/CPB.55.428	NA	NA	Bioactive Saponins and Glycosides. XXVII. Structures of New Cucurbitane-Type Triterpene Glycosides and Antiallergic Constituents from Citrullus colocynthis	Organic compounds	Lipids and lipid-like molecules	Steroids and steroid derivatives	Steroidal glycosides	Cucurbitacin glycosides	Terpenoids	Triterpenoids	Cucurbitane triterpenoids
Citrullus lanatus	CC(=O)OC(C)(C)/C=C/C(=O)[C@](C)(O)[C@H]1[C@H](O)C[C@@]2(C)[C@@H]3CC=C4[C@H](C=C(O[C@@H]5O[C@H](CO)[C@@H](O)[C@H](O)[C@H]5O)C(=O)C4(C)C)[C@]3(C)C(=O)C[C@]12C	(3E,6R)-6-[(1R,2R,3aS,3bS,9aS,9bR,11aR)-2-hydroxy-3a,6,6,9b,11a-pentamethyl-7,10-dioxo-8-{[(2S,3R,4S,5S,6R)-3,4,5-trihydroxy-6-(hydroxymethyl)oxan-2-yl]oxy}-1H,2H,3H,3bH,4H,9aH,11H-cyclopenta[a]phenanthren-1-yl]-6-hydroxy-2-methyl-5-oxohept-3-en-2-yl acetate	10.1016/0040-4020(75)87012-8	NA	NA	Die cucurbitacine von Citrullus lanatus var. citroides	Organic compounds	Lipids and lipid-like molecules	Steroids and steroid derivatives	Steroidal glycosides	Cucurbitacin glycosides	Terpenoids	Triterpenoids	Cucurbitane triterpenoids
Citrullus colocynthis	O=c1cc(-c2ccc(O[C@@H]3O[C@H](CO)[C@@H](O)[C@H](O)[C@H]3O)cc2)oc2cc(O)c([C@@H]3O[C@H](CO)[C@@H](O)[C@H](O)[C@H]3O)c(O)c12	5,7-dihydroxy-6-[(2S,3R,4R,5S,6R)-3,4,5-trihydroxy-6-(hydroxymethyl)oxan-2-yl]-2-(4-{[(2S,3R,4S,5S,6R)-3,4,5-trihydroxy-6-(hydroxymethyl)oxan-2-yl]oxy}phenyl)chromen-4-one	10.1248/CPB.55.428	NA	NA	Bioactive Saponins and Glycosides. XXVII. Structures of New Cucurbitane-Type Triterpene Glycosides and Antiallergic Constituents from Citrullus colocynthis	Organic compounds	Phenylpropanoids and polyketides	Flavonoids	Flavonoid glycosides	Flavonoid O-glycosides	Shikimates and Phenylpropanoids	Flavonoids	Flavones
Citrullus colocynthis	OC[C@H]1O[C@@H](OCc2ccccc2)[C@H](O)[C@@H](O)[C@@H]1O	benzyl β-D-glucoside	10.1248/CPB.55.428	NA	NA	Bioactive Saponins and Glycosides. XXVII. Structures of New Cucurbitane-Type Triterpene Glycosides and Antiallergic Constituents from Citrullus colocynthis	Organic compounds	Organic oxygen compounds	Organooxygen compounds	Carbohydrates and carbohydrate conjugates	O-glycosyl compounds	Shikimates and Phenylpropanoids	NA	NA
Citrullus colocynthis	O=c1cc(-c2ccc(O)cc2)oc2c(Cc3ccc(O)cc3)c(O)c([C@@H]3O[C@H](CO)[C@@H](O)[C@H](O)[C@H]3O)c(O)c12	5,7-dihydroxy-2-(4-hydroxyphenyl)-8-[(4-hydroxyphenyl)methyl]-6-[(2S,3R,4R,5S,6R)-3,4,5-trihydroxy-6-(hydroxymethyl)oxan-2-yl]chromen-4-one	10.1016/S0031-9422(96)00465-7	NA	NA	C-p-hydroxybenzoylglycoflavones from Citrullus colocynthis	Organic compounds	Phenylpropanoids and polyketides	Flavonoids	Flavonoid glycosides	Flavonoid C-glycosides	Shikimates and Phenylpropanoids	Flavonoids	Flavones
Citrullus colocynthis	CC(C)(O)CCC(=O)[C@](C)(O)[C@H]1[C@H](O)C[C@@]2(C)[C@@H]3CC=C4[C@@H](C=C(O[C@@H]5O[C@H](CO)[C@@H](O)[C@H](O)[C@H]5O)C(=O)C4(C)C)[C@]3(C)C(=O)C[C@]12C	bryoamaride	10.1002/HLCA.200900341	NA	NA	New Pentacyclic Cucurbitane Glucosides from the Fruits of Citrullus colocynthisSchrad.	Organic compounds	Lipids and lipid-like molecules	Steroids and steroid derivatives	Steroidal glycosides	Cucurbitacin glycosides	Terpenoids	Triterpenoids	Cucurbitane triterpenoids
Citrullus colocynthis	CC(C)(O)CCC(=O)[C@](C)(O)[C@H]1[C@H](O)C[C@@]2(C)[C@@H]3CC=C4[C@@H](C=C(O[C@@H]5O[C@H](CO)[C@@H](O)[C@H](O)[C@H]5O)C(=O)C4(C)C)[C@]3(C)C(=O)C[C@]12C	bryoamaride	10.1002/MRC.1570	NA	NA	1H and13C NMR signal assignment of cucurbitacin derivatives fromCitrullus colocynthis (L.) Schrader andEcballium elaterium L. (Cucurbitaceae)	Organic compounds	Lipids and lipid-like molecules	Steroids and steroid derivatives	Steroidal glycosides	Cucurbitacin glycosides	Terpenoids	Triterpenoids	Cucurbitane triterpenoids
Citrullus colocynthis	CC(C)(O)CCC(=O)[C@](C)(O)[C@H]1[C@H](O)C[C@@]2(C)[C@@H]3CC=C4[C@@H](C=C(O[C@@H]5O[C@H](CO)[C@@H](O)[C@H](O)[C@H]5O)C(=O)C4(C)C)[C@]3(C)C(=O)C[C@]12C	bryoamaride	10.1016/0031-9422(89)80230-4	NA	NA	Cucurbitacin glycosides from Citrullus colocynthis	Organic compounds	Lipids and lipid-like molecules	Steroids and steroid derivatives	Steroidal glycosides	Cucurbitacin glycosides	Terpenoids	Triterpenoids	Cucurbitane triterpenoids
Citrullus colocynthis	O=c1cc(-c2ccc(O)cc2)oc2c([C@@H]3O[C@H](CO)[C@@H](O)[C@H](O)[C@H]3O)c(O)c(Cc3ccc(O)cc3)c(O)c12	5,7-dihydroxy-2-(4-hydroxyphenyl)-6-[(4-hydroxyphenyl)methyl]-8-[(2S,3R,4R,5S,6R)-3,4,5-trihydroxy-6-(hydroxymethyl)oxan-2-yl]chromen-4-one	10.1016/S0031-9422(96)00465-7	NA	NA	C-p-hydroxybenzoylglycoflavones from Citrullus colocynthis	Organic compounds	Phenylpropanoids and polyketides	Flavonoids	Flavonoid glycosides	Flavonoid 8-C-glycosides	Shikimates and Phenylpropanoids	Flavonoids	Flavones
Citrullus colocynthis	CC(=O)[C@H]1[C@H](O)C[C@@]2(C)[C@@H]3CC=C4[C@@H](C=C(O[C@@H]5O[C@H](CO)[C@@H](O)[C@H](O)[C@H]5O)C(=O)C4(C)C)[C@]3(C)C(=O)C[C@]12C	khekadaengoside K	10.1248/CPB.55.428	NA	NA	Bioactive Saponins and Glycosides. XXVII. Structures of New Cucurbitane-Type Triterpene Glycosides and Antiallergic Constituents from Citrullus colocynthis	Organic compounds	Lipids and lipid-like molecules	Steroids and steroid derivatives	Steroidal glycosides	Steroidal glycosides	Terpenoids	Triterpenoids	Cucurbitane triterpenoids
Citrullus colocynthis	CC(=O)[C@H]1[C@H](O)C[C@@]2(C)[C@@H]3CC=C4[C@@H](C=C(O[C@@H]5O[C@H](CO)[C@@H](O)[C@H](O)[C@H]5O)C(=O)C4(C)C)[C@]3(C)C(=O)C[C@]12C	khekadaengoside K	10.1016/0031-9422(89)80230-4	NA	NA	Cucurbitacin glycosides from Citrullus colocynthis	Organic compounds	Lipids and lipid-like molecules	Steroids and steroid derivatives	Steroidal glycosides	Steroidal glycosides	Terpenoids	Triterpenoids	Cucurbitane triterpenoids
Citrullus colocynthis	COC(C)(C)[C@@H]1CC(=O)[C@@H](C)[C@H]2[C@@H](C[C@@]3(C)[C@@H]4CC=C5[C@@H](C=C(O[C@@H]6O[C@H](CO)[C@@H](O)[C@H](O)[C@H]6O)C(=O)C5(C)C)[C@]4(C)C(=O)C[C@]23C)O1	(1S,2S,4R,6S,9S,10R,11R,14R,15R)-6-(2-methoxypropan-2-yl)-2,9,11,14,19,19-hexamethyl-17-{[(2S,3R,4S,5S,6R)-3,4,5-trihydroxy-6-(hydroxymethyl)oxan-2-yl]oxy}-5-oxapentacyclo[12.8.0.0²,¹¹.0⁴,¹⁰.0¹⁵,²⁰]docosa-16,20-diene-8,13,18-trione	10.1002/HLCA.200900341	NA	NA	New Pentacyclic Cucurbitane Glucosides from the Fruits of Citrullus colocynthisSchrad.	Organic compounds	Lipids and lipid-like molecules	Steroids and steroid derivatives	Steroidal glycosides	Cucurbitacin glycosides	Terpenoids	Triterpenoids	Cucurbitane triterpenoids
Citrullus lanatus	CC(=O)OC(C)(C)/C=C/C(=O)[C@](C)(O)[C@H]1[C@H](O)C[C@@]2(C)[C@@H]3CC=C4[C@H](C=C(O)C(=O)C4(C)C)[C@]3(C)C(=O)C[C@]12C	(3E,6R)-6-[(1R,2R,3aS,3bS,9aS,9bR,11aR)-2,8-dihydroxy-3a,6,6,9b,11a-pentamethyl-7,10-dioxo-1H,2H,3H,3bH,4H,9aH,11H-cyclopenta[a]phenanthren-1-yl]-6-hydroxy-2-methyl-5-oxohept-3-en-2-yl acetate	10.1016/0040-4020(75)87012-8	NA	NA	Die cucurbitacine von Citrullus lanatus var. citroides	Organic compounds	Lipids and lipid-like molecules	Steroids and steroid derivatives	Cucurbitacins	Cucurbitacins	Terpenoids	Triterpenoids	Cucurbitane triterpenoids
Citrullus lanatus citroides	CC(=O)OC(C)(C)/C=C/C(=O)[C@](C)(O)[C@H]1[C@H](O)C[C@@]2(C)[C@@H]3CC=C4[C@H](C=C(O)C(=O)C4(C)C)[C@]3(C)C(=O)C[C@]12C	(3E,6R)-6-[(1R,2R,3aS,3bS,9aS,9bR,11aR)-2,8-dihydroxy-3a,6,6,9b,11a-pentamethyl-7,10-dioxo-1H,2H,3H,3bH,4H,9aH,11H-cyclopenta[a]phenanthren-1-yl]-6-hydroxy-2-methyl-5-oxohept-3-en-2-yl acetate	10.1016/0040-4020(75)87012-8	NA	NA	Die cucurbitacine von Citrullus lanatus var. citroides	Organic compounds	Lipids and lipid-like molecules	Steroids and steroid derivatives	Cucurbitacins	Cucurbitacins	Terpenoids	Triterpenoids	Cucurbitane triterpenoids
Citrullus colocynthis	CC(C)=C[C@@H]1C[C@](C)(O)[C@H]2[C@@H](C[C@@]3(C)[C@@H]4CC=C5[C@@H](C=C(O[C@@H]6O[C@H](CO)[C@@H](O)[C@H](O)[C@H]6O[C@@H]6O[C@@H](C)[C@H](O)[C@@H](O)[C@H]6O)C(=O)C5(C)C)[C@]4(C)C(=O)C[C@]23C)O1	(1S,2S,4R,6S,8S,9R,10R,13R,14R)-16-{[(2S,3R,4S,5S,6R)-4,5-dihydroxy-6-(hydroxymethyl)-3-{[(2S,3R,4R,5R,6S)-3,4,5-trihydroxy-6-methyloxan-2-yl]oxy}oxan-2-yl]oxy}-8-hydroxy-2,8,10,13,18,18-hexamethyl-6-(2-methylprop-1-en-1-yl)-5-oxapentacyclo[11.8.0.0²,¹⁰.0⁴,⁹.0¹⁴,¹⁹]henicosa-15,19-diene-12,17-dione	10.1248/CPB.55.428	NA	NA	Bioactive Saponins and Glycosides. XXVII. Structures of New Cucurbitane-Type Triterpene Glycosides and Antiallergic Constituents from Citrullus colocynthis	Organic compounds	Lipids and lipid-like molecules	Steroids and steroid derivatives	Steroidal glycosides	Cucurbitacin glycosides	Terpenoids	Triterpenoids	Cucurbitane triterpenoids
Citrullus colocynthis	OCc1ccc(O[C@@H]2O[C@H](CO)[C@@H](O)[C@H](O)[C@H]2O)cc1	gastrodin	10.1248/CPB.55.428	NA	NA	Bioactive Saponins and Glycosides. XXVII. Structures of New Cucurbitane-Type Triterpene Glycosides and Antiallergic Constituents from Citrullus colocynthis	Organic compounds	Organic oxygen compounds	Organooxygen compounds	Carbohydrates and carbohydrate conjugates	Phenolic glycosides	Shikimates and Phenylpropanoids	Phenolic acids (C6-C1)	Simple phenolic acids
Citrullus colocynthis	CC(=O)OC(C)(C)/C=C/C(=O)[C@](C)(O)[C@H]1[C@H](O)C[C@@]2(C)[C@@H]3CC=C4[C@@H](C[C@H](O[C@@H]5O[C@H](CO)[C@@H](O)[C@H](O)[C@H]5O)C(=O)C4(C)C)[C@]3(C)C(=O)C[C@]12C	(3E,6R)-6-[(1R,2R,3aS,3bS,8S,9aR,9bR,11aR)-2-hydroxy-3a,6,6,9b,11a-pentamethyl-7,10-dioxo-8-{[(2S,3R,4S,5S,6R)-3,4,5-trihydroxy-6-(hydroxymethyl)oxan-2-yl]oxy}-1H,2H,3H,3bH,4H,8H,9H,9aH,11H-cyclopenta[a]phenanthren-1-yl]-6-hydroxy-2-methyl-5-oxohept-3-en-2-yl acetate	10.1016/J.BCP.2006.09.012	NA	NA	Growth inhibitory activity of cucurbitacin glucosides isolated from Citrullus colocynthis on human breast cancer cells	Organic compounds	Lipids and lipid-like molecules	Steroids and steroid derivatives	Steroidal glycosides	Cucurbitacin glycosides	Terpenoids	Triterpenoids	Cucurbitane triterpenoids
Citrullus colocynthis	COc1ccc(-c2cc(=O)c3c(O)c([C@@H]4O[C@H](CO)[C@@H](O)[C@H](O)[C@H]4O)c(O)cc3o2)cc1	5,7-dihydroxy-2-(4-methoxyphenyl)-6-[(2S,3R,4R,5S,6R)-3,4,5-trihydroxy-6-(hydroxymethyl)oxan-2-yl]chromen-4-one	10.1248/CPB.55.428	NA	NA	Bioactive Saponins and Glycosides. XXVII. Structures of New Cucurbitane-Type Triterpene Glycosides and Antiallergic Constituents from Citrullus colocynthis	Organic compounds	Phenylpropanoids and polyketides	Flavonoids	Flavonoid glycosides	Flavonoid C-glycosides	Shikimates and Phenylpropanoids	Flavonoids	Flavones
Citrullus colocynthis	O=Cc1ccc(O[C@@H]2O[C@H](CO)[C@@H](O)[C@H](O)[C@H]2O)cc1	4-{[(2S,3R,4S,5S,6R)-3,4,5-trihydroxy-6-(hydroxymethyl)oxan-2-yl]oxy}benzaldehyde	10.1248/CPB.55.428	NA	NA	Bioactive Saponins and Glycosides. XXVII. Structures of New Cucurbitane-Type Triterpene Glycosides and Antiallergic Constituents from Citrullus colocynthis	Organic compounds	Organic oxygen compounds	Organooxygen compounds	Carbohydrates and carbohydrate conjugates	Phenolic glycosides	Shikimates and Phenylpropanoids	Phenolic acids (C6-C1)	Simple phenolic acids
Citrullus lanatus	CC(C)(O)/C=C/C(=O)[C@](C)(O)[C@H]1[C@H](O)C[C@@]2(C)[C@@H]3CC=C4[C@H](C=C(O[C@@H]5O[C@H](CO)[C@@H](O)[C@H](O)[C@H]5O)C(=O)C4(C)C)[C@]3(C)C(=O)C[C@]12C	(1R,2R,3aS,3bS,9aS,9bR,11aR)-1-[(2R,4E)-2,6-dihydroxy-6-methyl-3-oxohept-4-en-2-yl]-2-hydroxy-3a,6,6,9b,11a-pentamethyl-8-{[(2S,3R,4S,5S,6R)-3,4,5-trihydroxy-6-(hydroxymethyl)oxan-2-yl]oxy}-1H,2H,3H,3bH,4H,9aH,11H-cyclopenta[a]phenanthrene-7,10-dione	10.1016/0040-4020(75)87012-8	NA	NA	Die cucurbitacine von Citrullus lanatus var. citroides	Organic compounds	Lipids and lipid-like molecules	Steroids and steroid derivatives	Steroidal glycosides	Cucurbitacin glycosides	Terpenoids	Triterpenoids	Cucurbitane triterpenoids
Citrullus colocynthis	CC1(C)C(=O)C(O[C@@H]2O[C@H](CO)[C@@H](O)[C@H](O)[C@H]2O)=C[C@@H]2C1=CC[C@H]1[C@]3(C)C[C@@H](O)[C@H]([C@@](C)(O)C(=O)C[C@@H](O)C(C)(C)O)[C@@]3(C)CC(=O)[C@]12C	(1R,2R,3aS,3bS,9aR,9bR,11aR)-2-hydroxy-3a,6,6,9b,11a-pentamethyl-8-{[(2S,3R,4S,5S,6R)-3,4,5-trihydroxy-6-(hydroxymethyl)oxan-2-yl]oxy}-1-[(2R,5R)-2,5,6-trihydroxy-6-methyl-3-oxoheptan-2-yl]-1H,2H,3H,3bH,4H,9aH,11H-cyclopenta[a]phenanthrene-7,10-dione	10.1002/MRC.1570	NA	NA	1H and13C NMR signal assignment of cucurbitacin derivatives fromCitrullus colocynthis (L.) Schrader andEcballium elaterium L. (Cucurbitaceae)	Organic compounds	Lipids and lipid-like molecules	Steroids and steroid derivatives	Steroidal glycosides	Cucurbitacin glycosides	Terpenoids	Triterpenoids	Cucurbitane triterpenoids
Citrullus colocynthis	OC[C@H]1O[C@@H](OCc2ccc(O)cc2)[C@H](O)[C@@H](O)[C@@H]1O	(2R,3S,4S,5R,6R)-2-(hydroxymethyl)-6-[(4-hydroxyphenyl)methoxy]oxane-3,4,5-triol	10.1248/CPB.55.428	NA	NA	Bioactive Saponins and Glycosides. XXVII. Structures of New Cucurbitane-Type Triterpene Glycosides and Antiallergic Constituents from Citrullus colocynthis	Organic compounds	Organic oxygen compounds	Organooxygen compounds	Carbohydrates and carbohydrate conjugates	O-glycosyl compounds	Shikimates and Phenylpropanoids	Phenylethanoids (C6-C2)	Phenylethanoids
Citrullus colocynthis	CC[C@H](CC[C@@H](C)[C@H]1CC[C@H]2[C@@H]3CC=C4C[C@@H](O[C@@H]5O[C@H](CO)[C@@H](O)[C@H](O)[C@H]5O)CC[C@]4(C)[C@H]3CC[C@@]21C)C(C)C	sitogluside	10.1002/HLCA.200900341	NA	NA	New Pentacyclic Cucurbitane Glucosides from the Fruits of Citrullus colocynthisSchrad.	Organic compounds	Lipids and lipid-like molecules	Steroids and steroid derivatives	Stigmastanes and derivatives	Stigmastanes and derivatives	Terpenoids	Steroids	Stigmastane steroids
Citrullus colocynthis	COC(C)(C)[C@@H]1CC(=O)[C@](C)(O)[C@H]2[C@@H](C[C@@]3(C)[C@@H]4CC=C5[C@@H](C=C(O[C@@H]6O[C@H](CO)[C@@H](O)[C@H](O)[C@H]6O)C(=O)C5(C)C)[C@]4(C)C(=O)C[C@]23C)O1	(1S,2S,4R,6S,9R,10R,11R,14R,15R)-9-hydroxy-6-(2-methoxypropan-2-yl)-2,9,11,14,19,19-hexamethyl-17-{[(2S,3R,4S,5S,6R)-3,4,5-trihydroxy-6-(hydroxymethyl)oxan-2-yl]oxy}-5-oxapentacyclo[12.8.0.0²,¹¹.0⁴,¹⁰.0¹⁵,²⁰]docosa-16,20-diene-8,13,18-trione	10.1002/HLCA.200900341	NA	NA	New Pentacyclic Cucurbitane Glucosides from the Fruits of Citrullus colocynthisSchrad.	Organic compounds	Lipids and lipid-like molecules	Steroids and steroid derivatives	Steroidal glycosides	Cucurbitacin glycosides	Terpenoids	Triterpenoids	Cucurbitane triterpenoids
Citrullus colocynthis	O=c1cc(-c2ccc(O[C@@H]3O[C@H](CO)[C@@H](O)[C@H](O)[C@H]3O)cc2)oc2c(Cc3ccc(O)cc3)c(O)c([C@@H]3O[C@H](CO)[C@@H](O)[C@H](O)[C@H]3O)c(O)c12	5,7-dihydroxy-8-[(4-hydroxyphenyl)methyl]-6-[(2S,3R,4R,5S,6R)-3,4,5-trihydroxy-6-(hydroxymethyl)oxan-2-yl]-2-(4-{[(2S,3R,4S,5S,6R)-3,4,5-trihydroxy-6-(hydroxymethyl)oxan-2-yl]oxy}phenyl)chromen-4-one	10.1016/S0031-9422(96)00465-7	NA	NA	C-p-hydroxybenzoylglycoflavones from Citrullus colocynthis	Organic compounds	Phenylpropanoids and polyketides	Flavonoids	Flavonoid glycosides	Flavonoid O-glycosides	Shikimates and Phenylpropanoids	Flavonoids	Flavones
Citrullus colocynthis	CC1(C)C(=O)C(O[C@@H]2O[C@H](CO)[C@@H](O)[C@H](O)[C@H]2O)=C[C@@H]2C1=CC[C@H]1[C@]3(C)C[C@@H](O)[C@H]([C@@](C)(O)C(=O)C[C@H](O)C(C)(C)O)[C@@]3(C)CC(=O)[C@]12C	(1R,2R,3aS,3bS,9aR,9bR,11aR)-2-hydroxy-3a,6,6,9b,11a-pentamethyl-8-{[(2S,3R,4S,5S,6R)-3,4,5-trihydroxy-6-(hydroxymethyl)oxan-2-yl]oxy}-1-[(2R,5S)-2,5,6-trihydroxy-6-methyl-3-oxoheptan-2-yl]-1H,2H,3H,3bH,4H,9aH,11H-cyclopenta[a]phenanthrene-7,10-dione	10.1248/CPB.55.428	NA	NA	Bioactive Saponins and Glycosides. XXVII. Structures of New Cucurbitane-Type Triterpene Glycosides and Antiallergic Constituents from Citrullus colocynthis	Organic compounds	Lipids and lipid-like molecules	Steroids and steroid derivatives	Steroidal glycosides	Cucurbitacin glycosides	Terpenoids	Triterpenoids	Cucurbitane triterpenoids
Citrullus colocynthis	COC(C)(C)[C@@H]1CC(=O)[C@](C)(O)[C@H]2[C@@H](C[C@@]3(C)[C@@H]4CC=C5[C@@H](C=C(O)C(=O)C5(C)C)[C@]4(C)C(=O)C[C@]23C)O1	(1S,2S,4R,6S,9R,10R,11R,14R,15R)-9,17-dihydroxy-6-(2-methoxypropan-2-yl)-2,9,11,14,19,19-hexamethyl-5-oxapentacyclo[12.8.0.0²,¹¹.0⁴,¹⁰.0¹⁵,²⁰]docosa-16,20-diene-8,13,18-trione	10.1016/0031-9422(88)80031-1	NA	NA	Cucurbitacins of Colocynthis vulgaris	Organic compounds	Lipids and lipid-like molecules	Steroids and steroid derivatives	Oxosteroids	11-oxosteroids	Terpenoids	Triterpenoids	Cucurbitane triterpenoids
Citrullus colocynthis	CCCCC/C=C\C/C=C\CCCCCCCC(=O)O	linoleic	10.1055/S-0028-1099467	NA	NA	THE LIPID CONTENT OF THE SEEDS OFCITRULLUS COLOCYNTHIS	Organic compounds	Lipids and lipid-like molecules	Fatty Acyls	Lineolic acids and derivatives	Lineolic acids and derivatives	Fatty acids	Fatty Acids and Conjugates	Unsaturated fatty acids
Citrullus colocynthis	C[C@H]1[C@H](C)CC[C@]2(C)CC[C@]3(C)C(=CC[C@@H]4[C@@]5(C)CC[C@H](O)C(C)(C)[C@@H]5CC[C@]43C)[C@H]12	amyrin	10.1055/S-0028-1099467	NA	NA	THE LIPID CONTENT OF THE SEEDS OFCITRULLUS COLOCYNTHIS	Organic compounds	Lipids and lipid-like molecules	Prenol lipids	Triterpenoids	Triterpenoids	Terpenoids	Triterpenoids	Ursane and Taraxastane triterpenoids
Citrullus colocynthis	C=C(C)[C@H](CC)CC[C@@H](C)[C@H]1CC[C@H]2C3=CC[C@H]4C[C@H](O)CC[C@]4(C)[C@H]3CC[C@@]21C	(1R,3aR,5aS,7R,9aS,9bR,11aR)-1-[(2R,5R)-5-ethyl-6-methylhept-6-en-2-yl]-9a,11a-dimethyl-1H,2H,3H,3aH,5H,5aH,6H,7H,8H,9H,9bH,10H,11H-cyclopenta[a]phenanthren-7-ol	10.1055/S-0028-1099467	NA	NA	THE LIPID CONTENT OF THE SEEDS OFCITRULLUS COLOCYNTHIS	Organic compounds	Lipids and lipid-like molecules	Steroids and steroid derivatives	Stigmastanes and derivatives	Stigmastanes and derivatives	Terpenoids	Steroids	Stigmastane steroids
Citrullus colocynthis	CCCCCCCCCCCCCCCC(=O)O	palmitic acid	10.1055/S-0028-1099467	NA	NA	THE LIPID CONTENT OF THE SEEDS OFCITRULLUS COLOCYNTHIS	Organic compounds	Lipids and lipid-like molecules	Fatty Acyls	Fatty acids and conjugates	Long-chain fatty acids	Fatty acids	Fatty Acids and Conjugates	Unsaturated fatty acids
Citrullus colocynthis	CCCCCCCCCCCCCC(=O)O	myristic acid	10.1055/S-0028-1099467	NA	NA	THE LIPID CONTENT OF THE SEEDS OFCITRULLUS COLOCYNTHIS	Organic compounds	Lipids and lipid-like molecules	Fatty Acyls	Fatty acids and conjugates	Long-chain fatty acids	Fatty acids	Fatty Acids and Conjugates	Unsaturated fatty acids
Citrullus colocynthis	CCCCCC/C=C\CCCCCCCC(=O)O	palmitoleic acid	10.1055/S-0028-1099467	NA	NA	THE LIPID CONTENT OF THE SEEDS OFCITRULLUS COLOCYNTHIS	Organic compounds	Lipids and lipid-like molecules	Fatty Acyls	Fatty acids and conjugates	Long-chain fatty acids	Fatty acids	Fatty Acids and Conjugates	Unsaturated fatty acids
Citrullus colocynthis	CCCC/C=C\CCCCCCCC(=O)O	myristoleic acid	10.1055/S-0028-1099467	NA	NA	THE LIPID CONTENT OF THE SEEDS OFCITRULLUS COLOCYNTHIS	Organic compounds	Lipids and lipid-like molecules	Fatty Acyls	Fatty acids and conjugates	Long-chain fatty acids	Fatty acids	Fatty Acids and Conjugates	Unsaturated fatty acids
Citrullus colocynthis	CC(=O)OC(C)(C)/C=C/C(=O)[C@@](C)(O)[C@H]1[C@H](O)C[C@@]2(C)[C@@H]3CC=C4[C@@H](C=C(O)C(=O)C4(C)C)[C@]3(C)C(=O)C[C@]12C	(3E,6S)-6-[(1R,2R,3aS,3bS,9aR,9bR,11aR)-2,8-dihydroxy-3a,6,6,9b,11a-pentamethyl-7,10-dioxo-1H,2H,3H,3bH,4H,9aH,11H-cyclopenta[a]phenanthren-1-yl]-6-hydroxy-2-methyl-5-oxohept-3-en-2-yl acetate	10.1055/S-0028-1099390	NA	NA	THE GLYCOSIDAL CONTENT OF THE DIFFERENT ORGANS OF CITRULLUS COLOCYNTHIS	Organic compounds	Lipids and lipid-like molecules	Steroids and steroid derivatives	Cucurbitacins	Cucurbitacins	Terpenoids	Triterpenoids	Cucurbitane triterpenoids
Citrullus colocynthis	CCCCCCCCCCCCCCCCCC(=O)O	stearic acid	10.1055/S-0028-1099467	NA	NA	THE LIPID CONTENT OF THE SEEDS OFCITRULLUS COLOCYNTHIS	Organic compounds	Lipids and lipid-like molecules	Fatty Acyls	Fatty acids and conjugates	Long-chain fatty acids	Fatty acids	Fatty Acids and Conjugates	Unsaturated fatty acids
Citrullus colocynthis	COCc1ccc(O)cc1	p-(methoxymethyl)phenol	10.1271/BBB1961.25.269	NA	NA	The Chemical Structure of a Component of Citrullus colocynthis, SCHRAD	Organic compounds	Benzenoids	Benzene and substituted derivatives	Benzylethers	Benzylethers	NA	NA	NA
Citrullus colocynthis	CC[C@H](/C=C/[C@H](C)[C@H]1CC[C@H]2C3=CC[C@H]4C[C@@H](O)CC[C@]4(C)[C@@H]3CC[C@@]21C)C(C)C	(1R,3aR,5aS,7S,9aS,9bS,11aR)-1-[(2S,3E,5S)-5-ethyl-6-methylhept-3-en-2-yl]-9a,11a-dimethyl-1H,2H,3H,3aH,5H,5aH,6H,7H,8H,9H,9bH,10H,11H-cyclopenta[a]phenanthren-7-ol	10.1055/S-0028-1099467	NA	NA	THE LIPID CONTENT OF THE SEEDS OFCITRULLUS COLOCYNTHIS	Organic compounds	Lipids and lipid-like molecules	Steroids and steroid derivatives	Stigmastanes and derivatives	Stigmastanes and derivatives	Terpenoids	Steroids	Stigmastane steroids
Citrullus colocynthis	CCCCCCCC/C=C\CCCCCCCC(=O)O	oleic acid	10.1055/S-0028-1099467	NA	NA	THE LIPID CONTENT OF THE SEEDS OFCITRULLUS COLOCYNTHIS	Organic compounds	Lipids and lipid-like molecules	Fatty Acyls	Fatty acids and conjugates	Long-chain fatty acids	Fatty acids	Fatty Acids and Conjugates	Unsaturated fatty acids
Citrullus colocynthis	CC[C@H](CC[C@@H](C)[C@H]1CC[C@@H]2[C@H]3CC=C4C[C@@H](O)CC[C@]4(C)[C@@H]3CC[C@]12C)C(C)C	(1R,3aR,3bR,7S,9aR,9bR,11aR)-1-[(2R,5R)-5-ethyl-6-methylheptan-2-yl]-9a,11a-dimethyl-1H,2H,3H,3aH,3bH,4H,6H,7H,8H,9H,9bH,10H,11H-cyclopenta[a]phenanthren-7-ol	10.1055/S-0028-1099467	NA	NA	THE LIPID CONTENT OF THE SEEDS OFCITRULLUS COLOCYNTHIS	Organic compounds	Lipids and lipid-like molecules	Steroids and steroid derivatives	Stigmastanes and derivatives	Stigmastanes and derivatives	Terpenoids	Steroids	Stigmastane steroids
Citrullus colocynthis	CC(C)[C@H](C)CC[C@@H](C)[C@H]1CC[C@@H]2[C@H]3CC=C4C[C@@H](O)CC[C@]4(C)[C@@H]3CC[C@]12C	(1R,3aR,3bR,7S,9aR,9bR,11aR)-1-[(2R,5R)-5,6-dimethylheptan-2-yl]-9a,11a-dimethyl-1H,2H,3H,3aH,3bH,4H,6H,7H,8H,9H,9bH,10H,11H-cyclopenta[a]phenanthren-7-ol	10.1055/S-0028-1099467	NA	NA	THE LIPID CONTENT OF THE SEEDS OFCITRULLUS COLOCYNTHIS	Organic compounds	Lipids and lipid-like molecules	Steroids and steroid derivatives	Ergostane steroids	Ergosterols and derivatives	Terpenoids	Steroids	Ergostane steroids
